id,length_mm,width_mm,height_mm,weight_kg,fragile,stack_limit,can_rotate,drop_order,volume_m3
1,357,306,439,4,1,1,1,5,0.047957238
2,666,308,257,8,0,2,1,1,0.052717896
3,401,483,416,6,0,2,1,1,0.080572128
4,666,387,321,13,0,3,1,4,0.082735182
5,633,516,338,24,0,2,1,5,0.110400264
6,643,320,391,14,0,3,1,1,0.08045216
7,566,497,324,25,0,2,0,4,0.091141848
8,832,586,383,16,0,2,1,1,0.186732416
9,387,436,436,4,0,2,0,5,0.073567152
10,616,515,446,35,0,2,1,3,0.14148904
11,737,433,408,17,0,2,1,4,0.130201368
12,834,473,435,12,0,2,1,4,0.17159967
13,504,392,306,6,1,1,1,1,0.060455808
14,528,460,290,17,0,3,1,4,0.0704352
15,839,670,428,32,1,0,1,1,0.24059164
16,574,492,318,7,0,2,1,4,0.089805744
17,584,548,378,29,0,2,0,3,0.120972096
18,559,455,300,4,0,3,0,5,0.0763035
19,615,425,254,10,0,3,0,3,0.06638925
20,479,361,474,17,0,2,1,4,0.081963606
21,722,496,282,15,0,3,0,2,0.100987584
22,870,616,408,29,0,1,1,4,0.21865536
23,491,412,382,5,1,1,1,1,0.077275544
24,583,358,400,4,1,1,1,2,0.0834856
25,466,520,334,12,0,2,1,4,0.08093488
26,726,333,435,28,0,3,1,4,0.10516473
27,697,448,349,12,0,2,1,1,0.108977344
28,350,315,353,4,0,1,1,2,0.03891825
29,529,335,358,4,0,1,1,5,0.06344297
30,475,466,388,22,0,2,0,2,0.0858838
31,658,424,373,17,0,3,0,2,0.104064016
32,601,599,435,21,0,2,1,5,0.156599565
33,549,339,298,4,0,3,1,1,0.055461078
34,460,314,262,4,0,3,1,5,0.03784328
35,545,317,402,10,0,2,1,5,0.06945153
36,746,452,260,19,0,3,1,5,0.08766992
37,461,539,316,4,0,1,1,2,0.078519364
38,453,417,330,5,0,1,1,5,0.06233733
39,487,437,304,13,0,2,0,1,0.064696976
40,639,372,290,13,0,3,1,5,0.06893532
41,733,376,488,31,0,2,1,1,0.134496704
42,583,339,319,4,1,1,1,3,0.063046203
43,550,364,263,4,0,2,1,3,0.0526526
44,584,341,439,17,0,3,1,1,0.087424216
45,526,439,259,15,0,2,1,1,0.059806726
46,786,420,483,12,0,1,1,5,0.15944796
47,679,521,383,18,0,2,1,3,0.135489697
48,727,536,381,18,0,1,0,2,0.148465032
49,685,389,328,22,0,2,1,2,0.08740052
50,768,542,335,19,0,2,1,5,0.13944576
51,614,459,433,9,1,1,1,5,0.122030658
52,776,560,523,24,0,2,0,2,0.22727488
53,622,623,300,11,0,1,1,1,0.1162518
54,469,459,330,5,1,1,0,5,0.07103943
55,809,567,506,26,0,1,1,4,0.232103718
56,389,457,395,4,0,1,1,2,0.070220335
57,896,564,538,25,0,2,1,2,0.271875072
58,343,372,381,4,0,1,1,2,0.048614076
59,458,357,300,4,1,1,0,5,0.0490518
60,683,406,476,30,0,2,1,4,0.131993848
61,804,524,375,17,0,1,1,2,0.157986
62,715,418,262,17,0,2,1,4,0.07830394
63,571,443,402,6,0,2,1,5,0.101687106
64,880,628,381,25,0,2,1,3,0.21055584
65,548,460,311,4,1,1,1,3,0.07839688
66,763,676,341,12,0,1,1,1,0.175883708
67,808,569,577,25,0,2,1,5,0.265276904
68,310,519,445,5,0,2,1,4,0.07159605
69,875,679,608,32,0,2,1,1,0.361228
70,772,607,384,22,1,0,0,5,0.179943936
71,313,321,414,4,0,1,1,4,0.041595822
72,708,632,467,18,1,1,1,4,0.208961952
73,641,640,309,15,0,2,1,1,0.12676416
74,320,493,257,4,1,1,1,2,0.04054432
75,514,421,421,14,0,2,1,3,0.091101874
76,685,458,383,16,0,1,0,5,0.12015859
77,492,401,433,4,0,3,1,3,0.085427436
78,361,503,394,6,0,2,1,1,0.071543702
79,474,303,357,4,1,1,0,4,0.051273054
80,378,411,295,4,0,2,1,5,0.04583061
81,838,623,603,25,1,0,1,4,0.314810622
82,687,445,406,28,0,3,1,3,0.12412029
83,699,354,340,21,0,3,1,5,0.08413164
84,441,442,252,4,1,1,1,4,0.049120344
85,884,523,543,28,0,1,1,2,0.251046276
86,724,556,639,27,0,2,1,5,0.257225616
87,780,632,438,18,0,1,1,5,0.21591648
88,394,349,305,4,0,3,0,5,0.04193933
89,444,325,299,4,0,2,1,5,0.0431457
90,590,311,499,13,0,3,1,2,0.09156151
91,551,326,253,4,0,2,1,1,0.045445378
92,844,458,333,11,0,1,1,5,0.128721816
93,643,527,360,12,0,1,1,4,0.12198996
94,826,552,601,32,0,1,1,1,0.274027152
95,558,367,419,12,0,2,1,1,0.085805334
96,451,404,365,15,0,3,1,2,0.06650446
97,744,632,336,18,1,0,1,5,0.157989888
98,526,532,318,22,0,2,1,3,0.088986576
99,591,535,323,6,0,2,1,3,0.102127755
100,576,426,362,4,1,1,1,3,0.088826112
101,428,306,273,4,0,3,1,1,0.035754264
102,437,447,260,4,1,1,1,4,0.05078814
103,692,699,523,28,0,1,1,4,0.252979284
104,764,453,382,11,0,2,1,4,0.132207144
105,318,416,272,4,0,2,0,1,0.035982336
106,577,418,355,4,0,3,1,4,0.08562103
107,554,368,390,12,0,3,1,4,0.07951008
108,464,549,411,23,0,2,1,3,0.104696496
109,307,441,354,4,0,1,1,1,0.047926998
110,378,427,433,4,0,2,1,4,0.069888798
111,683,441,287,16,0,2,0,3,0.086445261
112,774,659,436,27,0,2,1,5,0.222388776
113,550,521,288,5,0,2,1,5,0.0825264
114,833,564,396,25,0,2,1,4,0.186045552
115,612,490,371,26,0,3,1,2,0.11125548
116,618,464,557,21,0,1,0,4,0.159720864
117,719,533,366,19,0,2,1,2,0.140261082
118,690,500,498,30,0,3,1,3,0.17181
119,573,397,331,5,0,2,0,1,0.075296211
120,335,360,411,4,0,1,1,4,0.0495666
121,501,413,292,14,0,2,1,1,0.060418596
122,783,591,520,17,0,1,1,1,0.24063156
123,495,458,424,5,0,1,1,3,0.09612504
124,730,404,538,20,0,1,1,3,0.15866696
125,453,463,358,6,0,2,1,4,0.075086562
126,654,521,495,17,0,2,1,4,0.16866333
127,604,689,325,17,0,2,1,2,0.1352507
128,480,356,412,4,0,3,1,2,0.07040256
129,349,531,410,5,0,2,1,3,0.07598079
130,367,323,325,4,0,1,1,5,0.038525825
131,871,656,439,31,0,2,0,3,0.250834064
132,473,505,279,4,1,1,1,2,0.066643335
133,503,547,392,6,0,1,1,1,0.107855272
134,788,534,599,22,0,2,1,2,0.252054408
135,612,687,467,26,0,1,1,4,0.196347348
136,454,466,354,4,1,1,1,4,0.074893656
137,499,360,477,18,0,3,1,5,0.08568828
138,900,479,512,24,0,2,0,3,0.2207232
139,639,355,363,16,0,2,0,1,0.082344735
140,488,439,415,5,0,1,0,4,0.08890628
141,558,464,413,23,0,2,1,3,0.106930656
142,514,501,394,17,0,2,1,2,0.101460516
143,675,401,441,15,0,1,1,2,0.119367675
144,463,333,253,8,0,2,1,1,0.039007287
145,585,313,282,12,0,2,1,4,0.05163561
146,785,662,603,21,0,1,1,5,0.31336101
147,834,415,331,16,0,2,1,4,0.11456241
148,527,318,270,4,1,1,1,5,0.04524822
149,599,440,432,6,0,3,1,5,0.11385792
150,520,325,429,4,0,3,1,2,0.072501
151,831,516,511,19,0,2,1,3,0.219114756
152,760,530,491,26,0,2,1,1,0.1977748
153,671,324,440,23,0,2,1,5,0.09565776
154,587,384,421,4,0,3,0,4,0.094896768
155,326,547,323,4,0,3,1,2,0.057598006
156,546,357,277,4,0,1,1,5,0.053993394
157,669,516,393,37,0,2,1,3,0.135665172
158,542,369,429,21,0,3,1,2,0.085799142
159,739,468,352,18,0,2,1,5,0.121739904
160,642,407,366,17,0,3,1,3,0.095633604
161,343,526,263,4,0,1,1,3,0.047449934
162,817,648,610,30,0,1,1,1,0.32294376
163,849,669,641,30,0,1,1,3,0.364075821
164,520,495,315,14,0,2,1,4,0.081081
165,516,397,386,18,0,3,1,1,0.079072872
166,609,635,339,16,0,2,1,4,0.131096385
167,658,607,310,16,0,2,1,3,0.12381586
168,673,516,277,16,0,3,1,4,0.096193236
169,773,513,470,22,0,1,1,2,0.18637803
170,779,475,420,10,0,1,1,1,0.1554105
171,702,418,443,28,0,3,1,5,0.129992148
172,465,521,410,5,0,2,1,3,0.09932865
173,628,580,559,13,0,1,1,3,0.20361016
174,496,457,402,19,0,3,1,1,0.091122144
175,892,496,464,22,0,1,1,3,0.205288448
176,343,429,415,4,1,1,1,4,0.061066005
177,567,456,290,4,0,2,1,3,0.07498008
178,326,502,411,5,1,1,1,4,0.067260972
179,729,476,470,10,0,2,1,4,0.16309188
180,493,379,393,14,0,3,1,5,0.073430871
181,666,430,342,13,0,3,1,2,0.09794196
182,848,498,415,24,0,2,1,1,0.17525616
183,576,513,439,12,1,1,1,5,0.129719232
184,642,339,291,10,0,2,1,1,0.063332658
185,786,521,527,23,0,2,1,2,0.215809662
186,840,499,488,23,0,2,1,3,0.20455008
187,857,670,514,32,0,1,0,1,0.29513366
188,546,523,345,7,1,1,1,1,0.09851751
189,642,482,439,13,0,2,1,2,0.135845916
190,778,413,512,10,0,1,1,1,0.164512768
191,714,414,463,18,0,2,1,2,0.136860948
192,596,534,462,30,0,2,1,4,0.147037968
193,602,440,309,8,0,2,1,3,0.08184792
194,604,331,262,9,0,3,1,4,0.052380088
195,574,304,411,5,1,1,1,4,0.071717856
196,630,361,396,17,0,2,1,3,0.09006228
197,719,439,379,29,0,2,1,4,0.119627939
198,648,395,314,19,0,3,1,3,0.08037144
199,503,497,398,24,0,3,1,3,0.099496418
200,473,508,414,5,0,2,0,4,0.099477576
201,393,507,284,4,0,2,1,2,0.056587284
202,552,526,260,13,0,3,1,5,0.07549152
203,729,418,631,14,0,1,0,3,0.192279582
204,663,588,523,26,0,2,1,2,0.203888412
205,854,588,565,23,0,2,1,5,0.28371588
206,729,375,332,14,0,3,1,3,0.0907605
207,818,485,527,18,0,2,1,4,0.20907671
208,629,438,643,19,0,1,0,2,0.177147786
209,524,308,282,4,0,2,1,5,0.045512544
210,528,473,365,24,0,3,1,1,0.09115656
211,370,435,343,4,0,1,0,1,0.05520585
212,395,427,382,4,0,2,1,4,0.06443003
213,596,477,484,38,0,2,1,1,0.137597328
214,688,627,344,18,1,1,1,1,0.148393344
215,577,374,326,6,0,3,1,3,0.070350148
216,414,331,301,4,1,1,1,3,0.041247234
217,593,394,369,7,0,3,0,1,0.086213898
218,803,645,569,27,0,1,1,3,0.294705015
219,337,415,369,4,0,3,1,2,0.051606495
220,671,428,483,36,0,2,1,3,0.138711804
221,532,382,489,23,0,3,0,5,0.099376536
222,640,528,400,14,0,1,1,5,0.135168
223,347,428,414,4,0,1,1,5,0.061485624
224,472,515,394,4,0,1,1,5,0.09577352
225,707,692,513,27,0,2,1,3,0.250982172
226,725,607,452,19,0,1,1,4,0.1989139
227,704,574,610,17,1,1,1,3,0.24649856
228,666,589,563,23,0,2,1,4,0.220850262
229,522,324,262,8,0,3,0,4,0.044311536
230,531,508,333,24,0,3,1,2,0.089826084
231,863,639,555,32,0,1,0,5,0.306058635
232,723,510,598,19,0,2,1,4,0.22050054
233,874,404,355,11,1,1,1,3,0.12534908
234,655,313,395,17,0,3,1,1,0.080980925
235,858,630,581,25,1,0,1,1,0.31405374
236,791,573,585,32,0,1,1,4,0.265147155
237,320,311,259,4,0,2,1,2,0.02577568
238,563,335,333,6,0,2,0,3,0.062805465
239,472,429,380,5,0,2,1,1,0.07694544
240,769,456,513,19,0,1,1,3,0.179890632
241,596,447,308,6,0,1,1,5,0.082054896
242,675,524,316,11,0,1,1,3,0.1117692
243,677,611,404,15,0,2,0,1,0.167113388
244,370,432,303,4,0,2,1,3,0.04843152
245,685,533,386,26,0,3,1,3,0.14093053
246,547,349,313,4,0,2,1,2,0.059752639
247,550,381,372,4,0,3,1,1,0.0779526
248,578,397,351,7,0,1,1,3,0.080542566
249,340,388,363,4,0,1,1,5,0.04788696
250,887,539,370,12,0,1,1,5,0.17689441
251,569,313,275,9,0,3,1,2,0.048976675
252,731,550,487,31,0,3,1,2,0.19579835
253,764,546,630,17,0,1,1,1,0.26280072
254,663,525,464,26,0,2,0,4,0.1615068
255,695,548,319,8,0,1,0,3,0.12149434
256,832,678,568,31,1,1,1,1,0.320406528
257,683,634,631,22,0,2,1,5,0.273236882
258,398,344,406,5,0,2,1,1,0.055586272
259,648,494,371,11,1,0,1,2,0.118761552
260,736,568,454,20,0,2,1,2,0.189793792
261,510,419,328,11,0,3,1,3,0.07009032
262,713,512,368,13,0,2,1,5,0.134340608
263,875,511,426,21,0,1,1,5,0.19047525
264,485,319,394,4,0,3,1,5,0.06095771
265,534,383,468,20,0,2,1,5,0.095716296
266,646,661,528,28,0,2,1,1,0.225459168
267,536,472,328,6,0,1,1,5,0.082981376
268,473,408,338,15,0,2,0,1,0.065228592
269,616,546,509,12,0,2,1,4,0.171195024
270,793,592,341,18,0,1,1,3,0.160084496
271,541,437,350,17,0,2,1,1,0.08274595
272,837,678,517,30,0,1,1,2,0.293390262
273,696,457,316,12,0,1,1,1,0.100510752
274,467,414,403,18,0,2,1,1,0.077915214
275,824,519,576,19,1,0,1,3,0.246329856
276,744,381,397,25,0,3,1,2,0.112535208
277,566,356,355,4,1,1,0,2,0.07153108
278,518,442,376,4,0,3,1,5,0.086087456
279,813,609,376,15,0,2,1,2,0.186163992
280,673,637,329,14,1,0,1,3,0.141042629
281,619,465,270,20,0,3,1,2,0.07771545
282,587,396,422,22,0,2,0,2,0.098094744
283,586,355,372,4,0,2,0,1,0.07738716
284,547,546,439,20,0,3,0,5,0.131112618
285,404,401,311,4,0,2,1,3,0.050383244
286,733,584,562,31,0,2,1,3,0.240576464
287,639,380,355,12,0,2,1,1,0.0862011
288,883,699,596,32,0,1,1,4,0.367861332
289,425,427,390,5,0,2,1,4,0.07077525
290,551,417,293,5,0,1,1,4,0.067321731
291,727,464,495,24,0,2,1,1,0.16697736
292,324,495,251,4,0,1,1,2,0.04025538
293,561,429,366,16,0,3,1,1,0.088084854
294,722,441,355,16,0,3,1,3,0.11303271
295,707,508,428,36,0,2,1,1,0.153718768
296,376,361,299,4,0,2,1,4,0.040585064
297,641,545,353,25,0,2,0,2,0.123318785
298,641,416,347,8,0,2,1,1,0.092529632
299,387,321,377,4,0,2,1,1,0.046833579
300,321,358,304,4,0,3,1,1,0.034935072
301,593,530,389,26,0,2,1,3,0.12225881
302,556,450,286,17,0,3,0,3,0.0715572
303,738,361,395,27,0,3,1,5,0.10523511
304,796,471,340,12,1,0,1,2,0.12747144
305,624,454,446,28,0,3,0,3,0.126350016
306,589,500,365,22,0,3,1,4,0.1074925
307,695,699,638,28,0,2,1,1,0.30994359
308,587,339,347,16,0,2,1,3,0.069050571
309,654,446,302,11,0,2,1,1,0.088088568
310,670,414,392,23,0,3,1,1,0.10873296
311,883,447,605,25,0,2,1,4,0.238794105
312,643,686,424,19,0,2,1,3,0.187025552
313,737,652,374,11,0,2,1,1,0.179715976
314,728,526,620,23,0,2,1,3,0.23741536
315,652,385,465,26,0,3,1,4,0.1167243
316,369,376,332,4,0,2,1,4,0.046063008
317,749,651,594,32,0,2,1,4,0.289633806
318,658,688,402,19,0,1,0,4,0.181987008
319,407,412,324,4,1,1,1,4,0.054329616
320,555,335,412,4,0,1,1,4,0.0766011
321,679,453,372,25,0,3,1,3,0.114422364
322,574,452,413,10,1,1,1,3,0.107152024
323,472,444,415,20,0,3,0,3,0.08697072
324,654,405,350,8,0,1,1,4,0.0927045
325,856,477,476,27,0,2,1,1,0.194356512
326,522,389,329,12,0,2,1,3,0.066806082
327,649,624,531,18,0,1,1,3,0.215042256
328,355,473,292,4,0,3,1,2,0.04903118
329,886,618,536,23,0,1,1,4,0.293485728
330,614,501,530,17,0,1,1,1,0.16303542
331,352,504,387,4,0,2,1,4,0.068656896
332,460,452,349,5,0,2,1,4,0.07256408
333,388,508,422,6,0,3,1,2,0.083177888
334,660,522,456,10,0,1,1,4,0.15710112
335,370,447,348,4,0,3,1,2,0.05755572
336,385,425,323,4,0,2,1,3,0.052850875
337,698,334,299,17,0,3,1,4,0.069706468
338,827,650,385,13,0,1,1,3,0.20695675
339,725,373,293,19,0,3,1,1,0.079234525
340,358,368,448,4,0,3,1,1,0.059021312
341,525,439,305,6,1,1,1,2,0.070294875
342,616,630,434,14,0,2,0,1,0.16842672
343,557,507,438,27,0,3,0,5,0.123690762
344,519,342,407,4,1,1,1,1,0.072241686
345,479,436,321,5,1,1,0,3,0.067038924
346,893,536,563,32,0,1,1,4,0.269478824
347,591,521,417,20,0,2,1,3,0.128398887
348,651,425,286,17,0,3,1,4,0.07912905
349,638,447,506,14,0,2,1,4,0.144304116
350,897,401,347,14,0,2,0,5,0.124814859
351,711,619,408,17,0,2,1,5,0.179564472
352,739,518,374,35,0,2,1,4,0.143167948
353,513,537,469,20,0,3,1,4,0.129200589
354,517,525,416,20,0,3,1,3,0.1129128
355,642,590,640,32,0,2,1,2,0.2424192
356,646,448,300,8,0,1,1,4,0.0868224
357,454,478,337,18,0,3,1,4,0.073133044
358,567,398,272,14,0,2,1,3,0.061381152
359,670,595,368,16,0,1,1,1,0.1467032
360,384,412,339,4,0,1,0,5,0.053632512
361,526,520,305,4,1,1,1,5,0.0834236
362,496,389,359,4,1,1,1,1,0.069266896
363,733,453,403,32,0,3,1,1,0.133815747
364,454,352,382,4,1,1,1,1,0.061046656
365,703,398,278,13,0,2,1,1,0.077782732
366,762,467,498,22,0,2,1,2,0.177215292
367,637,408,600,10,0,1,0,4,0.1559376
368,446,460,432,6,0,3,1,5,0.08862912
369,378,371,271,4,0,1,0,2,0.038004498
370,467,400,400,5,0,3,1,3,0.07472
371,523,486,311,4,1,1,1,4,0.079049358
372,328,379,420,4,0,1,1,2,0.05221104
373,305,341,377,4,0,3,1,3,0.039209885
374,587,487,476,21,0,2,1,4,0.136073644
375,868,432,434,19,0,1,1,5,0.162739584
376,628,655,590,17,0,1,0,1,0.2426906
377,710,300,261,14,0,2,1,4,0.055593
378,796,476,391,19,1,1,1,2,0.148148336
379,763,538,339,14,0,1,1,5,0.139157466
380,655,317,474,20,0,3,1,3,0.09841899
381,644,683,533,14,0,2,1,2,0.234441116
382,788,652,400,24,0,1,1,4,0.2055104
383,569,438,338,19,0,2,0,1,0.084237036
384,492,517,438,9,1,1,1,2,0.111411432
385,851,430,372,15,0,1,0,5,0.13612596
386,790,634,343,18,0,2,1,5,0.17179498
387,672,469,496,24,0,3,1,3,0.156323328
388,767,562,531,18,0,1,1,5,0.228889674
389,529,327,292,10,0,3,1,5,0.050511036
390,706,631,457,19,1,0,1,3,0.203587102
391,320,355,333,4,0,2,1,1,0.0378288
392,453,366,294,4,0,2,1,5,0.048744612
393,498,418,276,14,0,2,1,1,0.057453264
394,516,350,460,16,0,2,1,3,0.083076
395,461,316,300,11,0,3,1,1,0.0437028
396,662,421,536,9,1,1,1,4,0.149384272
397,615,595,649,22,0,1,1,4,0.237485325
398,467,457,408,19,0,3,1,5,0.087074952
399,631,444,443,11,0,1,1,5,0.124112652
400,645,500,432,26,0,3,1,5,0.13932
401,464,399,319,4,0,1,1,3,0.059058384
402,691,435,341,25,0,2,0,1,0.102499485
403,573,368,386,20,0,2,1,2,0.081393504
404,498,390,294,4,0,3,1,5,0.05710068
405,630,542,395,29,0,2,1,4,0.1348767
406,458,344,375,4,1,1,1,1,0.059082
407,544,300,334,5,1,1,1,2,0.0545088
408,630,411,375,10,1,0,1,3,0.09709875
409,641,480,491,35,0,2,1,3,0.15107088
410,530,487,492,25,0,3,1,2,0.12699012
411,587,477,407,9,1,1,1,2,0.113959593
412,757,550,365,11,0,2,0,5,0.15196775
413,543,454,331,21,0,2,1,1,0.081598782
414,672,569,339,10,1,0,1,1,0.129622752
415,471,414,252,4,1,1,1,3,0.049138488
416,450,312,348,9,0,3,0,4,0.0488592
417,793,579,579,23,0,1,1,1,0.265846113
418,600,305,331,10,0,2,1,2,0.060573
419,682,438,580,23,1,1,1,5,0.17325528
420,615,620,634,17,1,0,1,3,0.2417442
421,547,404,428,20,0,3,1,3,0.094582864
422,499,312,350,11,0,3,1,3,0.0544908
423,668,322,325,17,0,3,1,1,0.0699062
424,537,463,324,22,0,3,1,3,0.080556444
425,841,650,638,28,0,2,1,4,0.3487627
426,695,628,322,11,0,1,1,5,0.14054012
427,527,492,428,25,0,2,1,5,0.110973552
428,716,683,331,20,0,2,0,4,0.161868268
429,420,421,326,4,0,3,1,5,0.05764332
430,592,473,408,5,0,2,1,2,0.114246528
431,548,332,260,9,0,3,1,2,0.04730336
432,432,381,436,6,1,1,1,4,0.071762112
433,466,519,320,5,0,1,1,5,0.07739328
434,567,500,357,4,1,1,1,5,0.1012095
435,504,444,449,15,0,3,0,3,0.100475424
436,735,596,635,27,0,1,1,4,0.2781681
437,655,309,351,18,0,3,1,1,0.071040645
438,543,535,318,8,1,1,1,3,0.09238059
439,743,651,650,21,1,0,1,4,0.31440045
440,737,613,609,30,0,1,0,4,0.275134629
441,548,494,382,9,0,3,1,1,0.103411984
442,859,606,369,23,0,1,1,2,0.192084426
443,577,308,366,9,0,3,1,3,0.065044056
444,837,658,503,30,0,1,1,4,0.277025238
445,528,345,371,5,0,1,1,3,0.06758136
446,346,372,257,4,1,1,1,2,0.033078984
447,565,473,302,14,0,3,1,1,0.08070799
448,667,488,607,24,0,2,1,3,0.197576072
449,792,578,535,19,0,2,1,1,0.24491016
450,491,443,415,6,0,3,1,1,0.090267895
451,741,566,441,14,0,2,1,5,0.184958046
452,479,506,469,28,0,3,1,2,0.113673406
453,313,467,377,5,0,2,1,1,0.055106467
454,592,508,298,5,0,3,1,4,0.089619328
455,483,429,326,6,0,3,1,1,0.067549482
456,665,532,586,25,0,2,1,2,0.20731508
457,714,557,515,25,0,2,1,4,0.20481447
458,690,313,471,23,0,2,1,2,0.10172187
459,361,522,424,5,0,1,0,2,0.079899408
460,552,387,354,21,0,3,1,2,0.075622896
461,699,385,411,30,0,3,1,1,0.110606265
462,740,507,386,15,0,1,1,4,0.14481948
463,519,403,359,7,0,1,1,3,0.075087363
464,614,493,463,30,0,2,1,2,0.140151026
465,626,379,283,10,0,3,1,1,0.067142882
466,748,633,566,28,0,1,1,4,0.267991944
467,696,484,506,10,0,1,1,1,0.170453184
468,558,343,281,4,0,1,1,3,0.053781714
469,324,452,262,4,0,1,1,1,0.038369376
470,827,594,363,18,0,1,1,1,0.178319394
471,815,451,639,23,0,1,1,1,0.234874035
472,360,372,279,4,0,3,1,3,0.03736368
473,403,391,430,4,1,1,1,2,0.06775639
474,546,384,310,4,0,1,1,4,0.06499584
475,496,499,380,14,0,2,0,2,0.09405152
476,751,535,537,13,0,1,0,3,0.215758545
477,460,409,439,4,0,1,1,2,0.08259346
478,387,384,341,4,0,2,0,1,0.050675328
479,775,493,358,12,1,1,1,4,0.13678285
480,685,457,367,13,0,1,1,5,0.114887515
481,891,624,392,23,0,1,0,2,0.217945728
482,849,457,510,18,0,2,1,5,0.19787643
483,595,485,394,6,0,2,1,5,0.11369855
484,671,469,436,23,0,3,1,4,0.137208764
485,735,528,406,23,0,2,1,4,0.15756048
486,684,438,551,14,0,2,1,2,0.165075192
487,493,403,310,4,0,3,1,4,0.06159049
488,761,460,554,23,0,2,1,5,0.19393324
489,300,511,273,4,0,3,1,5,0.0418509
490,405,467,421,5,0,1,1,4,0.079625835
491,886,642,636,32,0,1,1,2,0.361764432
492,624,390,462,25,0,3,1,3,0.11243232
493,354,311,292,4,0,3,1,1,0.032147448
494,700,496,361,16,0,2,1,2,0.1253392
495,473,327,443,4,0,3,1,4,0.068519253
496,858,468,555,13,0,2,1,4,0.22285692
497,390,477,398,4,0,1,1,5,0.07403994
498,464,429,348,4,0,3,1,3,0.069271488
499,775,550,531,28,0,2,1,5,0.22633875
500,883,511,402,13,0,2,0,2,0.181387626
501,391,428,388,5,0,1,1,5,0.064931024
502,898,692,641,32,0,2,0,4,0.398327656
503,717,327,256,11,0,2,1,2,0.060021504
504,682,546,649,19,0,2,1,5,0.241669428
505,633,508,365,18,0,2,1,5,0.11737086
506,721,661,447,24,0,2,1,3,0.213031707
507,327,303,440,4,0,2,1,3,0.04359564
508,579,489,404,5,0,1,1,2,0.114384924
509,338,347,294,4,1,1,1,3,0.034482084
510,435,333,291,4,0,2,1,2,0.042152805
511,528,537,332,21,0,3,1,5,0.094133952
512,483,318,450,5,0,1,1,5,0.0691173
513,662,439,387,22,0,3,1,2,0.112469166
514,469,384,342,4,0,3,1,5,0.061592832
515,304,329,421,4,1,1,1,5,0.042106736
516,470,474,476,19,0,2,1,5,0.10604328
517,444,306,382,4,0,3,1,1,0.051900048
518,698,564,563,14,0,1,1,2,0.221637336
519,409,521,425,5,1,1,1,4,0.090562825
520,336,491,425,4,0,2,1,1,0.0701148
521,541,503,314,18,0,2,0,4,0.085446622
522,830,607,521,22,0,1,1,5,0.26248501
523,749,311,429,25,0,3,0,1,0.099930831
524,754,444,444,18,0,2,1,1,0.148640544
525,680,673,412,13,0,2,0,2,0.18854768
526,791,405,583,24,0,1,1,5,0.186766965
527,875,680,343,17,0,2,1,5,0.204085
528,532,347,306,12,0,3,1,2,0.056488824
529,590,518,263,7,0,3,1,5,0.08037806
530,598,471,267,13,0,2,1,4,0.075202686
531,782,465,643,26,0,1,0,3,0.23381409
532,830,568,615,32,0,1,1,3,0.2899356
533,819,486,302,10,0,2,1,3,0.120206268
534,619,524,372,24,0,3,1,4,0.120660432
535,355,344,415,4,0,1,0,2,0.0506798
536,639,438,309,11,0,2,1,2,0.086483538
537,732,366,389,27,0,3,1,2,0.104217768
538,800,514,601,29,0,2,1,1,0.2471312
539,786,657,305,17,0,1,1,2,0.15750261
540,681,491,589,26,0,1,1,4,0.196944519
541,620,512,549,13,0,1,1,2,0.17427456
542,484,399,370,6,0,1,0,3,0.07145292
543,716,462,462,27,0,3,1,5,0.152825904
544,642,467,346,19,0,2,1,4,0.103735644
545,714,403,340,24,0,3,1,4,0.09783228
546,303,428,285,4,1,1,1,3,0.03695994
547,526,347,290,10,0,2,1,4,0.05293138
548,658,646,645,26,0,1,1,4,0.27416886
549,574,311,282,11,0,2,1,5,0.050340948
550,743,337,264,10,0,2,1,4,0.066103224
551,588,463,254,6,0,2,0,2,0.069149976
552,841,646,387,16,0,1,1,2,0.210251682
553,561,367,292,5,0,2,1,1,0.060119004
554,643,398,283,11,0,2,1,5,0.072423662
555,514,511,288,5,1,1,0,5,0.075644352
556,722,428,442,21,0,3,1,5,0.136585072
557,300,529,448,5,0,2,1,1,0.0710976
558,571,409,308,6,0,2,1,5,0.071930012
559,667,334,315,14,0,2,0,1,0.07017507
560,878,609,431,17,0,1,1,1,0.230456562
561,303,396,417,4,0,2,1,2,0.050034996
562,899,529,433,26,0,2,1,4,0.205922243
563,661,441,450,28,0,2,1,5,0.13117545
564,729,557,595,21,0,1,0,1,0.241601535
565,417,414,450,6,1,1,1,4,0.0776871
566,881,426,382,13,0,1,1,4,0.143366892
567,522,322,266,4,0,3,1,4,0.044710344
568,866,546,605,18,0,1,1,4,0.28606578
569,553,517,418,32,0,3,1,5,0.119506618
570,564,478,309,6,0,2,1,1,0.083303928
571,494,370,449,16,0,3,1,2,0.08206822
572,307,488,430,4,1,1,1,5,0.06442088
573,478,388,320,4,0,2,0,5,0.05934848
574,583,344,354,14,0,2,1,3,0.070995408
575,712,544,315,32,0,3,1,4,0.12200832
576,547,497,312,7,0,2,1,5,0.084820008
577,696,329,316,10,0,2,1,2,0.072358944
578,811,580,564,27,0,2,1,1,0.26529432
579,775,438,583,26,0,2,1,5,0.19789935
580,693,497,555,22,0,1,0,2,0.191153655
581,553,513,313,22,0,3,1,1,0.088794657
582,490,473,494,26,0,2,1,5,0.11449438
583,696,395,408,20,0,3,1,5,0.11216736
584,803,513,595,17,0,2,1,5,0.245103705
585,707,388,350,25,0,2,1,1,0.0960106
586,565,417,330,6,1,1,1,5,0.07774965
587,616,392,406,25,0,2,1,2,0.098037632
588,841,575,487,17,0,2,1,3,0.235501025
589,805,543,530,17,0,1,1,3,0.23167095
590,734,410,469,27,0,2,1,2,0.14114086
591,604,490,515,15,1,1,1,3,0.1524194
592,887,690,324,18,0,1,1,3,0.19829772
593,649,630,471,15,0,2,1,4,0.19257777
594,629,522,423,38,0,2,1,5,0.138886974
595,595,390,333,18,0,3,1,4,0.07727265
596,645,457,323,19,0,2,0,3,0.095209095
597,892,607,336,12,0,2,1,3,0.181925184
598,436,454,415,5,0,2,1,5,0.08214676
599,811,485,394,19,0,1,1,1,0.15497399
600,535,401,276,9,0,3,1,1,0.05921166
601,868,442,353,10,0,2,1,2,0.135430568
602,445,413,410,4,0,1,1,3,0.07535185
603,843,639,576,32,0,1,0,5,0.310277952
604,683,461,441,31,0,3,1,5,0.138854583
605,777,646,576,22,0,2,1,3,0.289118592
606,605,302,250,9,0,2,1,4,0.0456775
607,304,476,375,5,0,1,1,3,0.054264
608,418,503,251,4,1,1,0,4,0.052773754
609,727,483,630,20,0,2,1,2,0.22121883
610,439,372,416,5,0,2,1,1,0.067936128
611,519,374,278,12,0,3,1,5,0.053961468
612,696,564,309,8,1,0,1,1,0.121296096
613,737,464,524,21,0,1,1,2,0.179191232
614,815,559,555,32,0,1,1,2,0.252849675
615,586,498,350,15,0,3,1,3,0.1021398
616,606,462,427,10,1,0,1,1,0.119548044
617,685,488,447,22,0,2,1,3,0.14942316
618,681,421,581,16,0,2,1,1,0.166573281
619,411,549,278,4,0,1,1,3,0.062727642
620,361,401,312,4,1,1,1,4,0.045165432
621,379,395,447,4,1,1,1,5,0.066918135
622,630,430,482,14,0,1,1,2,0.1305738
623,885,577,524,31,0,2,1,2,0.26757798
624,620,648,524,22,0,2,1,2,0.21052224
625,478,382,437,5,0,3,0,5,0.079794452
626,485,435,289,12,0,3,1,4,0.060971775
627,709,397,437,20,0,2,1,3,0.123003701
628,422,382,434,4,0,2,1,4,0.069962536
629,378,456,322,4,0,1,1,1,0.055502496
630,516,345,473,12,0,2,1,1,0.08420346
631,742,464,464,31,0,3,1,5,0.159749632
632,625,587,413,16,0,1,1,1,0.151519375
633,631,584,585,25,1,1,1,1,0.21557484
634,436,435,260,4,0,1,0,5,0.0493116
635,501,485,309,16,0,2,1,2,0.075082365
636,391,442,441,5,0,3,1,4,0.076214502
637,518,526,276,4,1,1,1,3,0.075201168
638,380,436,403,4,0,2,1,3,0.06676904
639,811,620,465,25,0,1,1,5,0.2338113
640,430,392,365,4,0,3,1,3,0.0615244
641,308,432,284,4,0,2,0,2,0.037787904
642,611,541,583,19,0,1,1,4,0.192711233
643,679,470,435,12,0,1,1,3,0.13882155
644,742,402,395,31,0,2,1,4,0.11782218
645,699,511,480,40,0,2,1,3,0.17145072
646,745,397,270,19,0,3,1,4,0.07985655
647,661,516,634,27,1,1,1,5,0.216242184
648,613,438,394,17,0,2,1,4,0.105786636
649,894,658,346,15,0,2,1,3,0.203535192
650,693,446,440,19,0,3,1,4,0.13599432
651,522,498,428,5,1,1,1,4,0.111261168
652,892,500,587,28,0,1,1,3,0.261802
653,765,694,345,12,0,2,1,3,0.18316395
654,612,556,386,18,0,2,1,4,0.131344992
655,569,351,425,16,0,2,1,1,0.084880575
656,525,522,463,32,0,2,1,1,0.12688515
657,830,641,311,14,0,1,1,5,0.16546133
658,880,647,618,32,0,1,1,5,0.35186448
659,580,343,265,9,0,3,1,1,0.0527191
660,648,469,319,22,0,3,0,1,0.096947928
661,797,518,494,20,0,2,1,5,0.203945924
662,345,347,300,4,0,3,1,2,0.0359145
663,456,385,375,4,1,1,1,3,0.065835
664,754,520,556,17,0,2,0,1,0.21799648
665,443,357,288,4,0,1,1,4,0.045547488
666,416,406,311,4,0,2,0,3,0.052526656
667,877,467,405,18,0,1,0,3,0.165871395
668,568,532,284,5,0,1,1,5,0.085817984
669,612,317,392,16,0,2,1,2,0.076049568
670,315,495,331,4,0,2,1,3,0.051611175
671,546,327,283,8,0,3,1,5,0.050527386
672,568,359,425,12,0,2,1,4,0.0866626
673,707,516,404,30,0,3,1,4,0.147384048
674,842,470,383,11,0,1,0,4,0.15156842
675,553,493,302,12,0,3,0,4,0.082333958
676,466,521,367,8,0,1,1,4,0.089102462
677,460,400,406,7,0,3,1,1,0.074704
678,355,415,366,4,1,1,0,5,0.05392095
679,502,488,260,4,0,3,0,2,0.06369376
680,825,603,455,27,0,1,1,5,0.226351125
681,714,531,286,22,0,3,1,5,0.108432324
682,542,499,399,29,0,2,1,3,0.107912742
683,612,491,532,17,0,1,0,1,0.159861744
684,765,483,363,9,0,2,1,4,0.134126685
685,561,456,290,4,0,1,0,5,0.07418664
686,376,341,287,4,0,2,1,4,0.036797992
687,692,460,367,15,0,2,1,4,0.11682344
688,878,402,611,28,0,2,1,4,0.215656116
689,453,362,475,16,0,2,1,2,0.07789335
690,628,309,287,14,0,3,1,1,0.055692924
691,505,406,295,9,0,3,1,5,0.06048385
692,587,345,366,6,0,1,1,3,0.07412049
693,788,594,334,18,0,1,1,2,0.156336048
694,590,384,384,17,0,2,1,5,0.08699904
695,505,446,436,27,0,2,1,5,0.09820028
696,447,409,405,6,0,3,0,3,0.074043315
697,738,427,383,29,0,3,1,2,0.120693258
698,419,481,324,6,1,1,1,1,0.065298636
699,406,504,407,8,0,2,1,2,0.083281968
700,553,476,322,14,0,2,1,5,0.084759416
701,465,496,251,4,0,2,1,5,0.05789064
702,539,349,334,16,0,3,0,1,0.062829074
703,369,423,289,4,0,3,0,4,0.045109143
704,628,666,453,19,0,1,1,3,0.189466344
705,633,476,443,16,0,2,1,2,0.133479444
706,499,347,402,4,0,2,1,3,0.069607506
707,316,369,355,4,0,2,1,3,0.04139442
708,718,377,294,12,0,2,1,1,0.079581684
709,859,412,547,25,0,2,0,5,0.193587676
710,767,473,350,15,1,0,1,1,0.12697685
711,798,667,359,11,1,0,1,1,0.191083494
712,716,496,418,36,0,2,1,3,0.148446848
713,407,382,301,4,0,2,1,1,0.046797674
714,676,480,440,9,1,0,1,3,0.1427712
715,463,369,286,4,0,3,1,1,0.048862242
716,773,676,527,17,0,1,1,1,0.275382796
717,668,400,295,18,0,3,1,3,0.078824
718,701,673,340,22,0,2,1,1,0.16040282
719,539,324,366,4,0,2,1,2,0.063916776
720,582,533,343,20,0,3,1,3,0.106400658
721,849,415,333,11,0,2,1,3,0.117327555
722,894,465,560,15,0,1,1,1,0.2327976
723,872,636,505,30,0,1,1,4,0.28006896
724,633,574,406,18,0,2,1,3,0.147516852
725,420,344,419,4,0,3,1,4,0.06053712
726,687,383,392,15,0,3,1,4,0.103143432
727,505,475,458,24,0,3,1,1,0.10986275
728,561,509,285,21,0,2,1,2,0.081381465
729,872,549,499,26,0,1,1,3,0.238885272
730,891,555,522,30,1,0,1,5,0.25813161
731,506,516,282,6,1,1,0,1,0.073629072
732,736,510,500,35,0,3,0,2,0.18768
733,801,562,495,20,0,1,1,4,0.22283019
734,546,442,348,21,0,3,1,2,0.083983536
735,664,468,305,8,0,2,1,2,0.09477936
736,520,464,456,21,0,3,0,5,0.11002368
737,692,632,560,23,0,2,1,2,0.24491264
738,603,695,555,29,0,2,1,5,0.232592175
739,487,308,259,4,0,1,1,1,0.038848964
740,719,519,442,41,0,3,1,5,0.164937162
741,345,362,370,4,0,3,1,5,0.0462093
742,459,456,263,5,0,1,1,5,0.055046952
743,893,569,515,23,1,1,1,1,0.261680255
744,455,486,450,7,1,1,1,2,0.0995085
745,326,468,324,4,0,2,1,2,0.049432032
746,339,517,450,4,1,1,1,3,0.07886835
747,507,454,294,18,0,2,1,3,0.067672332
748,583,500,429,21,0,2,1,1,0.1250535
749,643,474,604,24,0,2,1,4,0.184088328
750,721,625,626,20,0,2,1,3,0.28209125
751,476,342,368,11,0,3,1,5,0.059907456
752,644,474,430,25,0,3,1,4,0.13126008
753,597,537,454,29,0,3,0,1,0.145547406
754,722,463,340,31,0,3,1,3,0.11365724
755,738,536,350,11,0,2,1,2,0.1384488
756,399,433,336,4,0,2,1,1,0.058049712
757,456,405,275,10,0,3,1,3,0.050787
758,698,417,312,9,0,1,0,1,0.090812592
759,361,322,404,4,0,3,1,2,0.046961768
760,544,364,325,13,0,2,1,3,0.0643552
761,765,531,382,19,0,1,1,3,0.15517413
762,582,544,458,25,0,3,1,2,0.145006464
763,501,345,415,4,1,1,1,2,0.071730675
764,354,533,363,5,1,1,1,5,0.068491566
765,428,498,364,4,0,3,1,1,0.077584416
766,499,368,288,4,0,3,1,4,0.052886016
767,823,606,335,17,0,2,1,5,0.16707723
768,770,555,505,13,1,0,1,3,0.21581175
769,685,494,446,27,0,2,1,1,0.15092194
770,697,553,499,25,0,2,1,4,0.192335059
771,397,335,259,4,0,3,1,4,0.034445705
772,726,464,328,23,0,3,0,1,0.110491392
773,623,314,336,16,0,2,1,2,0.065728992
774,567,417,423,9,0,3,1,1,0.100013697
775,522,425,417,13,0,2,1,2,0.09251145
776,538,461,262,17,0,2,1,2,0.064980716
777,332,509,277,4,0,3,1,2,0.046809676
778,772,605,466,15,0,1,1,2,0.21764996
779,538,385,266,8,0,2,1,2,0.05509658
780,489,441,292,4,0,1,1,5,0.062969508
781,680,408,549,10,0,1,1,5,0.15231456
782,813,643,364,14,0,2,1,2,0.190284276
783,319,452,296,4,0,1,1,3,0.042679648
784,814,402,585,15,0,1,1,5,0.19142838
785,412,418,447,5,1,1,1,1,0.076980552
786,692,427,295,14,0,2,1,3,0.08716778
787,707,622,428,16,0,2,1,1,0.188214712
788,390,340,257,4,1,1,0,4,0.0340782
789,596,383,357,4,0,2,1,1,0.081491676
790,716,450,421,16,1,1,0,1,0.1356462
791,899,648,327,25,0,2,1,3,0.190494504
792,684,484,299,22,0,3,1,2,0.098985744
793,741,315,321,11,0,3,1,2,0.074926215
794,712,551,609,17,0,1,1,5,0.238918008
795,494,405,469,19,0,2,1,4,0.09383283
796,607,619,426,12,0,1,0,5,0.160062258
797,743,529,251,19,0,2,1,4,0.098654797
798,558,308,358,4,0,3,1,4,0.061527312
799,723,442,585,22,0,2,0,2,0.18694611
800,751,522,631,32,0,2,1,4,0.247365882
801,598,306,366,4,1,1,1,2,0.066973608
802,837,400,621,13,1,1,1,3,0.2079108
803,738,677,594,32,0,1,1,3,0.296777844
804,328,431,422,4,1,1,1,4,0.059657296
805,320,393,343,4,0,1,1,2,0.04313568
806,621,361,388,13,0,3,1,5,0.086982228
807,407,492,440,7,0,2,1,4,0.08810736
808,627,432,490,11,0,1,1,5,0.13272336
809,572,530,324,6,0,3,0,1,0.09822384
810,684,322,270,11,0,2,1,1,0.05946696
811,534,370,278,13,0,3,1,2,0.05492724
812,311,375,356,4,0,1,1,4,0.0415185
813,610,549,396,8,1,0,1,5,0.13261644
814,471,405,398,4,0,2,1,5,0.07592049
815,527,417,327,5,0,2,1,3,0.071861193
816,697,395,498,24,0,2,1,3,0.13710687
817,685,482,574,15,1,0,1,1,0.18951758
818,612,447,282,15,0,3,1,5,0.077145048
819,317,470,331,4,1,1,1,2,0.04931569
820,454,331,256,4,0,1,0,3,0.038470144
821,452,548,439,23,0,3,1,3,0.108738544
822,748,693,641,23,0,2,1,1,0.332271324
823,545,530,260,4,0,2,1,5,0.075101
824,678,391,273,13,0,2,1,2,0.072371754
825,700,411,342,10,0,1,0,4,0.0983934
826,701,381,404,24,0,2,0,3,0.107900724
827,675,618,489,18,0,2,1,4,0.20398635
828,344,355,436,4,0,2,1,3,0.05324432
829,667,486,479,30,0,2,1,3,0.155273598
830,868,571,333,22,0,2,1,4,0.165044124
831,439,406,294,4,0,1,1,4,0.052400796
832,883,651,321,23,0,2,1,4,0.184521393
833,463,502,250,9,0,3,0,4,0.0581065
834,597,406,295,14,0,2,1,3,0.07150269
835,634,585,597,21,0,2,1,4,0.22142133
836,361,395,381,4,1,1,1,5,0.054328695
837,524,381,368,19,0,2,1,1,0.073468992
838,784,614,625,32,0,2,1,1,0.30086
839,399,496,410,4,1,1,1,5,0.08114064
840,761,554,438,21,0,1,1,3,0.184658172
841,456,335,382,10,0,3,1,2,0.05835432
842,561,339,378,12,0,2,1,5,0.071887662
843,569,516,386,9,0,1,1,1,0.113331144
844,517,536,254,14,0,3,1,2,0.070386448
845,867,575,388,22,0,1,1,2,0.1934277
846,416,378,282,4,0,2,1,1,0.044343936
847,459,498,373,20,0,2,1,1,0.085261086
848,562,451,265,4,0,1,1,1,0.06716743
849,513,535,404,18,0,2,1,3,0.11087982
850,496,337,466,19,0,3,0,3,0.077892832
851,682,656,613,21,0,1,1,1,0.274251296
852,411,483,299,5,1,1,1,1,0.059355387
853,350,536,304,5,0,2,1,5,0.0570304
854,675,472,495,24,0,3,0,4,0.157707
855,713,358,354,14,0,3,1,1,0.090359916
856,369,426,445,4,0,3,1,3,0.06995133
857,659,597,445,16,0,2,1,4,0.175073235
858,819,496,335,17,0,2,1,4,0.13608504
859,353,401,362,4,0,1,1,4,0.051242186
860,352,489,293,4,0,2,1,4,0.050433504
861,569,514,358,25,0,3,1,5,0.104702828
862,439,493,414,8,0,3,1,4,0.089600778
863,861,542,375,21,0,2,1,2,0.17499825
864,368,307,275,4,0,2,1,2,0.0310684
865,767,478,455,18,0,1,1,5,0.16681483
866,838,503,450,21,0,2,1,5,0.1896813
867,309,543,445,4,0,1,1,3,0.074665215
868,826,635,318,10,0,2,0,2,0.16679418
869,820,468,459,20,0,1,1,4,0.17614584
870,583,475,388,7,0,1,1,4,0.1074469
871,853,593,615,32,0,2,1,1,0.311084835
872,323,332,343,4,0,1,1,3,0.036781948
873,649,619,476,26,0,1,1,2,0.191223956
874,609,451,271,19,0,2,0,1,0.074432589
875,686,410,575,13,0,2,1,4,0.1617245
876,610,640,601,14,0,2,1,1,0.2346304
877,651,505,472,15,0,2,1,3,0.15517236
878,823,503,554,25,1,0,1,5,0.229338826
879,597,367,262,10,0,3,1,5,0.057403938
880,347,483,398,4,0,1,1,5,0.066705198
881,818,507,477,24,0,2,1,3,0.197824302
882,876,560,402,18,0,2,1,5,0.19720512
883,459,460,430,19,0,2,1,2,0.0907902
884,539,368,413,5,0,2,0,1,0.081919376
885,402,393,368,4,1,1,1,3,0.058138848
886,810,563,332,16,0,2,1,2,0.15140196
887,720,607,422,12,0,1,1,3,0.18443088
888,848,686,523,28,1,0,1,2,0.304243744
889,582,502,455,23,0,2,1,1,0.13293462
890,548,500,255,4,0,2,1,1,0.06987
891,786,446,503,23,0,1,1,5,0.176329668
892,556,538,280,5,0,3,1,1,0.08375584
893,512,497,456,21,0,3,1,2,0.116035584
894,711,473,354,8,1,1,1,5,0.119051262
895,701,436,345,25,0,2,1,4,0.10544442
896,726,542,374,13,0,2,1,5,0.147166008
897,477,476,484,27,0,2,1,4,0.109893168
898,785,462,573,26,1,1,1,4,0.20780991
899,754,446,420,11,1,0,0,3,0.14123928
900,508,502,258,4,1,1,1,4,0.065794128
901,811,570,516,31,0,1,1,5,0.23853132
902,630,407,404,25,0,3,1,1,0.10358964
903,544,461,363,22,0,2,1,2,0.091034592
904,456,380,397,4,1,1,1,2,0.06879216
905,510,502,331,5,0,1,1,5,0.08474262
906,744,501,343,11,0,2,0,5,0.127851192
907,460,542,255,17,0,2,0,4,0.0635766
908,584,479,468,21,0,3,1,5,0.130916448
909,676,445,488,10,0,1,1,4,0.14680016
910,853,460,414,19,0,2,1,4,0.16244532
911,666,620,405,18,1,1,1,2,0.1672326
912,692,609,374,9,1,0,1,2,0.157614072
913,898,634,343,11,0,2,0,4,0.195280876
914,408,482,348,5,0,2,1,5,0.068436288
915,476,385,488,15,0,3,0,5,0.08943088
916,323,301,314,4,0,2,1,2,0.030528022
917,321,448,295,4,0,2,0,2,0.04242336
918,612,481,385,22,0,3,1,1,0.11333322
919,705,523,499,45,0,3,0,3,0.183988785
920,735,664,460,21,0,2,1,2,0.2244984
921,525,313,298,4,1,1,1,3,0.04896885
922,689,411,279,22,0,3,1,3,0.079006941
923,587,424,367,6,0,1,1,1,0.091341896
924,595,346,463,15,0,3,1,5,0.09531781
925,748,548,251,21,0,2,1,1,0.102885904
926,705,473,274,24,0,2,1,1,0.09136941
927,791,454,465,12,0,2,1,3,0.16698801
928,302,384,261,4,0,2,0,5,0.030267648
929,558,520,262,19,0,3,1,1,0.07602192
930,336,440,404,4,0,1,1,4,0.05972736
931,460,518,303,11,0,3,1,2,0.07219884
932,602,425,455,23,0,3,0,5,0.11641175
933,633,470,274,20,0,2,1,4,0.08151774
934,737,688,607,28,0,2,1,4,0.307782992
935,518,323,260,4,0,3,1,2,0.04350164
936,869,668,342,16,0,2,1,2,0.198528264
937,453,515,313,5,0,1,1,1,0.073021335
938,355,430,358,4,0,3,1,3,0.0546487
939,730,699,341,21,0,2,1,2,0.17400207
940,623,442,513,18,0,2,1,4,0.141262758
941,435,387,297,4,1,1,0,3,0.049998465
942,354,411,386,4,0,1,1,4,0.056160684
943,807,649,455,26,1,1,1,4,0.238303065
944,644,464,369,8,0,1,1,2,0.110263104
945,557,423,416,15,0,2,1,5,0.098014176
946,494,377,447,17,0,3,1,1,0.083248386
947,528,489,429,22,0,3,1,4,0.110764368
948,424,351,325,4,0,1,1,1,0.0483678
949,521,550,356,9,0,3,1,3,0.1020118
950,699,402,374,22,0,3,1,1,0.105093252
951,309,408,397,4,1,1,0,4,0.050050584
952,659,653,618,32,0,2,1,3,0.265942086
953,398,420,338,4,0,3,0,3,0.05650008
954,539,333,325,4,0,2,1,3,0.058333275
955,682,506,444,17,0,2,1,2,0.153220848
956,701,325,453,20,0,3,1,2,0.103204725
957,324,304,341,4,0,1,1,5,0.033587136
958,482,386,360,10,0,2,1,2,0.06697872
959,732,574,481,24,0,2,0,5,0.202100808
960,353,480,262,4,0,2,0,1,0.04439328
961,502,510,393,14,0,2,1,1,0.10061586
962,635,340,436,17,0,3,1,4,0.0941324
963,350,339,415,4,0,1,1,4,0.04923975
964,603,525,542,14,0,1,1,4,0.17158365
965,725,477,571,18,0,2,1,4,0.197466075
966,864,585,315,15,0,1,1,3,0.1592136
967,684,622,331,12,0,1,0,1,0.140823288
968,566,549,325,6,0,3,1,3,0.10098855
969,460,532,338,4,0,3,1,2,0.08271536
970,506,414,414,4,0,3,1,3,0.086726376
971,507,498,300,7,1,1,1,4,0.0757458
972,364,433,388,4,1,1,1,5,0.061153456
973,681,411,314,11,0,2,1,3,0.087885774
974,516,429,278,5,0,2,1,3,0.061539192
975,474,493,416,26,0,3,1,1,0.097211712
976,773,520,597,25,1,0,1,3,0.23997012
977,593,472,285,6,0,1,1,5,0.07977036
978,398,510,449,5,1,1,1,4,0.09113802
979,497,315,358,14,0,3,1,1,0.05604669
980,869,606,601,32,0,2,1,4,0.316495014
981,850,613,383,14,0,2,1,5,0.19956215
982,360,477,304,4,1,1,1,5,0.05220288
983,660,609,356,9,0,1,1,1,0.14309064
984,756,591,455,16,0,1,1,5,0.20329218
985,624,556,445,11,0,2,1,5,0.15439008
986,634,422,513,13,0,2,0,4,0.137252124
987,667,470,558,19,0,2,1,3,0.17492742
988,659,399,309,21,0,3,1,4,0.081248769
989,442,465,272,5,0,3,1,3,0.05590416
990,363,464,393,4,0,3,1,1,0.066193776
991,567,348,442,5,0,1,1,5,0.087213672
992,459,370,451,12,0,3,1,5,0.07659333
993,464,402,400,4,0,1,1,2,0.0746112
994,612,670,462,17,0,1,1,3,0.18943848
995,543,365,446,13,0,3,0,2,0.08839497
996,616,346,256,13,0,3,1,3,0.054562816
997,661,528,332,20,0,2,1,2,0.115870656
998,600,360,376,5,0,1,1,3,0.081216
999,883,608,333,17,0,1,0,1,0.178775712
1000,883,700,645,27,0,1,1,4,0.3986745
1001,642,656,404,20,0,1,1,5,0.170145408
1002,884,631,321,10,0,2,1,2,0.179055084
1003,480,538,485,25,0,3,1,4,0.1252464
1004,708,699,561,22,0,1,1,4,0.277634412
1005,362,512,285,4,0,2,1,5,0.05282304
1006,775,533,531,17,0,2,1,4,0.219342825
1007,468,304,427,4,0,3,1,1,0.060750144
1008,388,405,392,5,0,2,1,1,0.06159888
1009,315,528,421,4,1,1,0,4,0.07002072
1010,483,399,295,5,0,1,1,3,0.056851515
1011,677,302,306,15,0,3,1,3,0.062562924
1012,496,508,407,23,0,2,1,4,0.102550976
1013,618,543,552,24,0,1,1,4,0.185236848
1014,592,445,378,20,0,2,1,5,0.09958032
1015,589,344,266,4,0,1,1,5,0.053895856
1016,717,486,450,27,0,2,0,5,0.1568079
1017,429,474,393,7,1,1,1,1,0.079914978
1018,821,608,440,15,0,2,1,1,0.21963392
1019,414,312,321,4,0,2,1,2,0.041462928
1020,641,692,312,19,0,2,0,2,0.138394464
1021,534,384,329,10,0,2,1,4,0.067463424
1022,621,515,314,17,0,3,1,3,0.10042191
1023,620,433,453,21,0,2,1,5,0.12161238
1024,648,628,596,16,1,0,1,1,0.242538624
1025,481,535,455,23,0,3,1,4,0.117087425
1026,502,473,264,13,0,3,1,4,0.062685744
1027,660,359,471,24,0,2,1,4,0.11159874
1028,651,573,633,31,0,2,1,5,0.236123559
1029,505,326,253,9,0,2,1,2,0.04165139
1030,364,463,380,4,0,3,1,2,0.06404216
1031,520,504,261,10,0,3,1,5,0.06840288
1032,483,379,399,6,0,1,1,5,0.073039743
1033,749,588,304,13,0,1,1,5,0.133885248
1034,327,408,338,4,1,1,0,1,0.045094608
1035,696,643,539,26,0,2,1,4,0.241217592
1036,683,453,532,21,1,1,1,1,0.164600268
1037,414,477,308,4,1,1,1,3,0.060823224
1038,492,352,352,4,0,2,1,3,0.060960768
1039,734,329,286,12,0,2,1,3,0.069064996
1040,465,350,300,8,0,2,0,2,0.048825
1041,883,525,391,13,0,2,0,1,0.181257825
1042,370,397,417,5,1,1,0,3,0.06125313
1043,722,589,490,23,1,1,0,1,0.20837642
1044,523,525,486,21,0,2,1,4,0.13344345
1045,491,381,403,4,0,1,1,5,0.075389613
1046,724,375,452,19,0,2,1,3,0.122718
1047,710,547,399,40,0,2,1,4,0.15495963
1048,333,342,380,4,0,3,1,5,0.04327668
1049,691,564,491,19,0,2,1,5,0.191354484
1050,898,418,406,11,0,1,1,3,0.152397784
1051,793,692,380,28,0,1,1,1,0.20852728
1052,827,665,480,20,0,2,1,4,0.2639784
1053,809,588,554,22,0,1,1,3,0.263533368
1054,338,391,271,4,0,3,1,3,0.035814818
1055,500,330,268,8,0,2,1,3,0.04422
1056,754,540,397,18,1,1,1,3,0.16164252
1057,777,606,507,30,0,1,1,5,0.238727034
1058,653,358,308,17,0,2,1,5,0.072002392
1059,582,493,369,8,0,1,1,2,0.105875694
1060,813,507,524,20,0,2,1,2,0.215988084
1061,604,655,637,31,0,2,1,4,0.25200994
1062,575,376,333,5,0,1,0,2,0.0719946
1063,890,693,500,32,0,2,1,4,0.308385
1064,693,327,334,16,0,3,1,3,0.075688074
1065,537,326,422,16,0,2,1,5,0.073876164
1066,613,495,401,8,1,1,1,3,0.121677435
1067,568,317,366,4,0,1,1,4,0.065900496
1068,680,456,366,11,0,1,1,2,0.11348928
1069,555,379,360,19,0,3,1,5,0.0757242
1070,900,503,557,29,0,1,1,2,0.2521539
1071,632,604,609,28,0,2,1,5,0.232472352
1072,496,373,415,20,0,3,1,3,0.07677832
1073,689,612,427,13,0,2,1,2,0.180052236
1074,591,324,350,5,1,1,0,2,0.0670194
1075,875,549,641,32,0,1,0,4,0.307920375
1076,362,394,269,4,0,2,1,2,0.038366932
1077,706,659,322,14,0,2,1,4,0.149811788
1078,653,309,252,8,0,2,1,4,0.050847804
1079,836,434,342,12,0,2,1,3,0.124085808
1080,537,514,254,15,0,2,1,5,0.070108572
1081,500,343,269,4,1,1,1,4,0.0461335
1082,691,510,317,14,0,2,1,5,0.11171397
1083,352,399,426,4,1,1,1,4,0.059830848
1084,577,395,482,19,0,2,1,1,0.10985503
1085,622,510,299,22,0,2,1,1,0.09484878
1086,385,485,292,4,0,2,1,2,0.0545237
1087,406,539,388,5,0,1,1,3,0.084907592
1088,688,407,505,15,0,1,1,1,0.14140808
1089,442,466,409,5,1,1,1,3,0.084242548
1090,555,326,432,5,0,3,1,1,0.07816176
1091,466,461,428,5,0,3,1,2,0.091945528
1092,462,550,420,7,0,3,0,4,0.106722
1093,861,519,557,26,1,0,1,1,0.248900463
1094,721,619,424,20,0,2,1,2,0.189230776
1095,642,352,414,13,0,3,1,3,0.093557376
1096,592,381,414,23,0,2,1,4,0.093378528
1097,447,492,256,4,0,2,1,5,0.056300544
1098,577,505,425,29,0,2,1,4,0.123838625
1099,464,346,363,4,1,1,1,2,0.058277472
1100,522,540,302,13,0,2,1,2,0.08512776
1101,709,320,359,19,0,3,1,2,0.08144992
1102,667,345,405,16,0,3,1,2,0.093196575
1103,846,440,484,16,0,2,1,5,0.18016416
1104,521,494,289,6,0,1,1,4,0.074381086
1105,603,452,387,17,0,2,1,4,0.105479172
1106,832,545,492,23,0,2,1,4,0.22309248
1107,529,534,298,11,0,3,1,4,0.084180828
1108,791,596,550,21,1,0,1,1,0.2592898
1109,647,538,394,22,0,3,0,3,0.137145884
1110,550,462,426,6,1,1,1,4,0.1082466
1111,426,362,372,4,0,3,1,1,0.057366864
1112,375,366,404,4,0,2,1,5,0.055449
1113,382,303,279,4,0,2,1,5,0.032293134
1114,715,532,298,29,0,2,1,3,0.11335324
1115,454,428,386,5,0,2,1,1,0.075004432
1116,743,498,454,31,0,2,1,2,0.167986356
1117,503,478,328,4,1,1,1,1,0.078862352
1118,663,434,356,23,0,3,1,3,0.102436152
1119,518,350,374,11,0,2,1,2,0.0678062
1120,552,315,441,12,0,2,1,4,0.07668108
1121,655,485,340,9,0,2,1,1,0.1080095
1122,420,422,374,5,1,1,1,1,0.06628776
1123,598,502,260,4,0,1,1,5,0.07805096
1124,848,642,472,27,0,2,0,2,0.256964352
1125,804,593,612,18,0,2,1,1,0.291784464
1126,805,471,313,12,1,1,0,2,0.118675515
1127,831,643,563,27,0,2,1,3,0.300829479
1128,616,473,363,18,0,3,1,5,0.105766584
1129,628,409,490,34,0,3,0,1,0.12585748
1130,497,375,405,4,1,1,1,5,0.075481875
1131,558,308,282,4,1,1,1,5,0.048465648
1132,686,628,359,15,0,1,1,1,0.154660072
1133,672,483,257,13,0,3,0,3,0.083416032
1134,581,470,371,27,0,2,1,5,0.10130897
1135,551,323,427,4,1,1,1,5,0.075994471
1136,625,396,483,28,0,3,1,5,0.1195425
1137,719,514,432,11,0,1,1,5,0.159652512
1138,509,446,344,12,0,3,0,5,0.078092816
1139,300,379,265,4,1,1,1,4,0.0301305
1140,786,464,566,23,0,1,1,5,0.206422464
1141,761,474,451,20,0,2,1,3,0.162682014
1142,467,453,331,12,0,2,1,5,0.070023381
1143,710,653,449,24,0,2,1,2,0.20816987
1144,415,479,438,4,0,1,0,4,0.08706783
1145,681,411,580,14,0,2,0,4,0.16233678
1146,636,670,444,15,1,1,1,3,0.18919728
1147,327,517,431,4,0,3,1,4,0.072864429
1148,674,507,411,17,0,1,1,5,0.140446098
1149,525,396,493,28,0,2,0,1,0.1024947
1150,842,491,326,9,0,2,1,2,0.134775572
1151,506,362,258,4,0,2,1,2,0.047258376
1152,492,498,427,10,0,1,1,4,0.104621832
1153,827,588,305,10,0,2,1,5,0.14831418
1154,461,450,396,22,0,3,1,1,0.0821502
1155,392,398,373,5,0,2,1,1,0.058193968
1156,632,675,394,15,0,2,1,5,0.1680804
1157,550,316,382,5,0,3,1,2,0.0663916
1158,360,346,403,4,1,1,1,3,0.05019768
1159,470,332,397,10,0,2,1,3,0.06194788
1160,493,550,281,16,0,3,0,2,0.07619315
1161,600,527,453,9,1,1,1,4,0.1432386
1162,745,425,427,24,0,3,1,5,0.135198875
1163,500,469,459,15,0,2,1,3,0.1076355
1164,518,454,391,15,0,3,1,5,0.091952252
1165,638,681,430,15,0,1,1,1,0.18682554
1166,817,473,574,16,0,2,0,2,0.221817134
1167,490,444,418,7,0,1,1,2,0.09094008
1168,822,594,313,20,0,2,1,1,0.152827884
1169,580,404,266,4,1,1,0,3,0.06232912
1170,565,370,252,8,0,2,1,1,0.0526806
1171,539,434,436,26,0,3,1,3,0.101991736
1172,592,521,322,7,0,1,1,4,0.099315104
1173,626,506,439,32,0,3,1,2,0.139055884
1174,604,662,379,17,0,2,1,3,0.151542392
1175,427,473,405,5,0,2,0,4,0.081798255
1176,446,370,359,4,0,1,1,1,0.05924218
1177,808,560,346,17,0,1,0,2,0.15655808
1178,329,321,440,4,0,1,0,4,0.04646796
1179,560,538,437,6,0,3,0,5,0.13165936
1180,363,403,253,4,0,3,1,4,0.037011117
1181,573,491,338,5,0,3,1,1,0.095093934
1182,529,546,293,6,0,3,0,2,0.084628362
1183,637,514,284,19,0,2,1,4,0.092986712
1184,641,548,278,18,0,2,1,1,0.097652504
1185,753,647,450,17,0,2,1,3,0.21923595
1186,563,511,259,7,0,2,1,1,0.074512487
1187,535,384,326,4,1,1,0,2,0.06697344
1188,781,404,351,10,0,1,1,4,0.110748924
1189,529,496,418,19,0,3,1,3,0.109676512
1190,819,493,574,28,0,2,1,4,0.231762258
1191,521,390,441,17,0,3,0,2,0.08960679
1192,547,372,260,8,0,3,1,1,0.05290584
1193,551,542,372,30,0,3,1,4,0.111094824
1194,553,504,424,9,0,2,1,4,0.118173888
1195,506,545,277,19,0,2,1,5,0.07638829
1196,571,313,423,19,0,3,0,1,0.075599829
1197,845,548,444,20,0,1,1,5,0.20559864
1198,577,371,446,14,0,3,0,2,0.095473882
1199,519,350,371,5,0,3,1,5,0.06739215
1200,546,518,401,25,0,2,1,2,0.113414028
1201,619,540,398,17,0,1,1,1,0.13303548
1202,808,668,456,28,1,0,1,4,0.246123264
1203,711,409,414,17,0,2,1,3,0.120390786
1204,814,526,463,26,0,1,1,3,0.198239932
1205,596,420,321,21,0,2,1,3,0.08035272
1206,786,571,455,14,0,1,1,3,0.20420673
1207,570,454,345,4,0,3,1,1,0.0892791
1208,511,310,400,17,0,2,1,4,0.063364
1209,488,541,389,23,0,3,1,2,0.102699112
1210,378,311,282,4,0,2,0,5,0.033151356
1211,787,629,622,32,1,0,1,5,0.307904306
1212,311,342,403,4,0,2,1,5,0.042863886
1213,547,489,458,23,0,2,1,5,0.122507214
1214,887,599,505,29,0,1,1,2,0.268313065
1215,304,525,381,4,0,3,1,2,0.0608076
1216,737,682,360,13,0,1,1,2,0.18094824
1217,668,538,326,13,0,1,1,1,0.117159184
1218,477,461,404,8,0,3,0,3,0.088838388
1219,368,404,406,4,0,3,1,3,0.060360832
1220,593,345,315,17,0,2,1,4,0.064444275
1221,431,522,410,7,0,2,1,3,0.09224262
1222,747,461,456,40,0,3,1,2,0.157031352
1223,522,394,287,5,1,1,1,2,0.059026716
1224,546,445,375,24,0,2,1,1,0.09111375
1225,683,490,501,19,0,1,1,2,0.16766967
1226,806,451,569,14,0,1,1,4,0.206834914
1227,610,456,306,10,0,1,1,1,0.08511696
1228,673,406,304,11,0,2,0,1,0.083064352
1229,521,422,444,21,0,3,1,3,0.097618728
1230,845,479,424,11,0,1,1,1,0.17161612
1231,728,375,276,15,0,3,1,2,0.075348
1232,566,409,348,12,0,3,1,4,0.080559912
1233,357,425,293,4,1,1,0,3,0.044455425
1234,639,570,360,11,1,0,0,5,0.1311228
1235,541,409,385,15,0,2,1,2,0.085188565
1236,454,459,323,4,1,1,0,3,0.067308678
1237,639,401,376,11,0,1,1,4,0.096345864
1238,507,447,359,22,0,3,1,3,0.081359811
1239,543,496,348,17,0,3,1,4,0.093726144
1240,470,335,417,6,0,3,1,5,0.06565665
1241,872,674,417,22,0,2,1,2,0.245082576
1242,344,360,342,4,0,1,1,4,0.04235328
1243,506,315,483,14,0,2,1,2,0.07698537
1244,515,362,303,5,1,1,1,2,0.05648829
1245,613,617,490,11,0,1,1,5,0.18532829
1246,465,337,343,8,0,2,1,5,0.053749815
1247,676,493,540,21,0,2,1,3,0.17996472
1248,606,546,356,8,1,0,1,2,0.117791856
1249,382,302,351,4,0,2,1,3,0.040492764
1250,556,378,431,4,0,2,0,5,0.090582408
1251,664,508,505,18,0,1,1,5,0.17034256
1252,339,509,427,5,0,3,1,4,0.073679277
1253,477,505,345,19,0,2,1,1,0.083105325
1254,635,454,449,33,0,2,1,2,0.12944221
1255,354,316,304,4,0,2,1,2,0.034006656
1256,316,361,318,4,0,1,1,4,0.036276168
1257,474,380,273,13,0,2,0,3,0.04917276
1258,856,499,461,23,0,1,1,1,0.196913384
1259,808,657,351,18,0,1,1,4,0.186330456
1260,900,419,448,12,0,1,0,1,0.1689408
1261,418,526,305,5,0,3,1,5,0.06705974
1262,567,538,446,8,0,2,1,5,0.136050516
1263,620,598,422,12,0,1,0,5,0.15646072
1264,554,324,253,4,0,3,0,1,0.045412488
1265,648,632,460,13,0,1,1,3,0.18838656
1266,645,436,391,12,0,2,0,4,0.10995702
1267,371,540,281,5,0,2,0,4,0.05629554
1268,666,625,487,20,0,2,1,4,0.20271375
1269,530,367,424,4,0,1,1,2,0.08247224
1270,587,302,289,4,0,1,1,1,0.051232186
1271,648,523,368,29,0,3,1,5,0.124716672
1272,655,443,392,13,1,1,1,2,0.11374468
1273,768,433,462,13,0,1,1,4,0.153635328
1274,592,416,259,13,0,3,1,2,0.063784448
1275,890,416,607,27,0,2,1,4,0.22473568
1276,477,354,472,11,0,3,1,2,0.079700976
1277,522,317,320,10,0,3,0,4,0.05295168
1278,868,509,642,32,0,1,1,4,0.283643304
1279,752,484,401,12,0,2,1,2,0.145951168
1280,523,390,427,6,0,3,1,5,0.08709519
1281,489,485,420,22,0,2,1,3,0.0996093
1282,527,529,367,27,0,3,0,1,0.102313361
1283,508,367,383,5,0,1,1,5,0.071404988
1284,468,355,440,20,0,3,1,2,0.0731016
1285,493,355,339,4,1,1,1,1,0.059330085
1286,786,408,454,19,0,1,1,4,0.145592352
1287,810,580,480,28,0,2,1,2,0.225504
1288,819,591,390,19,0,2,1,4,0.18877131
1289,445,479,408,8,0,1,0,1,0.08696724
1290,458,457,488,20,0,3,1,5,0.102141328
1291,351,462,363,4,0,3,1,4,0.058864806
1292,564,498,366,22,0,2,1,4,0.102799152
1293,629,547,453,41,0,3,0,4,0.155860539
1294,641,500,307,20,0,3,0,3,0.0983935
1295,812,523,302,16,0,1,1,3,0.128252152
1296,462,385,293,5,0,1,1,4,0.05211591
1297,651,512,263,22,0,3,1,4,0.087661056
1298,388,403,331,4,0,1,1,2,0.051756484
1299,360,461,397,5,0,3,0,5,0.06588612
1300,615,352,273,9,0,3,1,5,0.05909904
1301,464,458,431,19,0,2,1,1,0.091592672
1302,366,416,412,4,0,1,1,2,0.062729472
1303,699,674,425,23,0,2,1,1,0.20022855
1304,642,473,621,11,1,0,1,5,0.188576586
1305,504,336,322,9,0,2,1,4,0.054528768
1306,706,600,351,14,0,1,1,1,0.1486836
1307,664,396,477,23,0,3,1,2,0.125424288
1308,605,491,637,19,0,1,1,3,0.189224035
1309,847,679,302,12,0,1,1,1,0.173684126
1310,311,432,381,4,1,1,1,2,0.051188112
1311,617,335,306,9,0,2,1,4,0.06324867
1312,497,389,431,18,0,3,1,4,0.083326523
1313,862,604,398,16,0,2,0,1,0.207217904
1314,600,379,292,5,0,2,1,4,0.0664008
1315,739,563,618,17,0,1,1,3,0.257123226
1316,332,415,292,4,0,2,1,3,0.04023176
1317,571,390,351,4,1,1,1,2,0.07816419
1318,725,437,410,14,0,2,1,3,0.12989825
1319,305,483,334,4,0,2,0,5,0.04920321
1320,647,372,404,16,0,2,1,3,0.097236336
1321,338,446,415,4,0,2,1,2,0.06256042
1322,475,505,376,18,0,3,1,1,0.090193
1323,687,567,602,21,0,2,1,5,0.234496458
1324,686,372,283,18,0,3,1,5,0.072219336
1325,320,386,415,4,0,2,1,3,0.0512608
1326,777,604,340,16,0,1,1,4,0.15956472
1327,662,591,616,16,0,1,1,3,0.241005072
1328,523,357,293,4,0,2,1,5,0.054706323
1329,476,366,476,20,0,2,1,3,0.082926816
1330,585,384,426,21,0,3,1,2,0.09569664
1331,748,417,280,13,0,2,1,4,0.08733648
1332,528,471,281,4,1,1,1,4,0.069881328
1333,764,647,415,13,0,1,1,2,0.20513782
1334,405,477,269,4,0,1,1,2,0.051966765
1335,797,496,549,14,0,2,1,3,0.217026288
1336,532,467,289,6,1,1,1,3,0.071800316
1337,831,662,403,27,0,2,1,3,0.221699166
1338,352,337,368,4,0,1,1,4,0.043653632
1339,586,307,371,15,0,3,1,1,0.066743642
1340,343,390,360,4,0,2,1,1,0.0481572
1341,739,589,350,9,0,2,1,2,0.15234485
1342,690,541,571,23,0,1,1,2,0.21314859
1343,562,329,263,12,0,3,1,5,0.048628174
1344,591,357,475,22,0,3,1,1,0.100218825
1345,587,426,302,12,0,2,1,3,0.075518724
1346,447,487,250,4,0,3,1,3,0.05442225
1347,422,343,330,4,1,1,1,4,0.04776618
1348,456,470,371,15,0,2,1,3,0.07951272
1349,537,473,444,29,0,3,0,5,0.112776444
1350,700,523,313,23,0,2,1,5,0.1145893
1351,448,513,308,5,1,1,1,1,0.070785792
1352,605,505,438,25,0,3,1,5,0.13381995
1353,849,529,486,21,0,2,1,5,0.218272806
1354,547,328,319,4,0,1,1,4,0.057233704
1355,522,391,377,11,0,3,1,1,0.076946454
1356,643,463,277,22,0,3,0,5,0.082465393
1357,585,533,423,24,0,3,1,4,0.131893515
1358,758,497,321,12,0,1,1,4,0.120929046
1359,477,373,278,4,0,3,1,2,0.049462038
1360,448,459,392,6,0,2,1,3,0.080607744
1361,682,310,305,11,0,2,1,3,0.0644831
1362,670,390,419,28,0,2,1,3,0.1094847
1363,857,687,379,30,0,1,0,2,0.223139661
1364,899,441,448,13,0,2,1,4,0.177613632
1365,804,450,433,20,0,1,1,3,0.1566594
1366,371,474,446,4,1,1,1,3,0.078430884
1367,643,552,590,28,0,1,1,4,0.20941224
1368,520,434,363,19,0,3,1,4,0.08192184
1369,815,610,536,16,0,2,1,2,0.2664724
1370,454,501,312,5,0,3,1,5,0.070965648
1371,627,601,364,12,0,2,1,1,0.137165028
1372,588,512,416,19,0,2,1,5,0.125239296
1373,769,431,362,14,0,1,1,5,0.119980918
1374,737,489,497,37,0,2,0,2,0.179115321
1375,759,403,548,18,0,1,1,5,0.167620596
1376,716,324,313,12,0,3,1,5,0.072610992
1377,800,428,362,10,0,1,1,5,0.1239488
1378,824,463,521,14,0,1,1,2,0.198767752
1379,711,489,429,32,0,3,1,3,0.149154291
1380,351,545,400,5,0,2,1,1,0.076518
1381,813,617,375,11,0,2,1,3,0.188107875
1382,677,310,482,27,0,2,1,4,0.10115734
1383,604,481,483,14,1,0,1,5,0.140323092
1384,862,432,389,16,0,2,1,2,0.144857376
1385,755,601,334,20,0,2,0,5,0.15155417
1386,392,447,431,7,0,3,1,3,0.075521544
1387,597,389,399,7,0,1,1,2,0.092660967
1388,499,470,277,13,0,3,1,2,0.06496481
1389,421,326,294,4,0,2,0,1,0.040350324
1390,428,329,259,4,1,1,1,5,0.036470308
1391,315,536,294,4,0,2,1,5,0.04963896
1392,402,350,314,4,0,1,1,2,0.0441798
1393,870,498,344,15,0,1,1,2,0.14904144
1394,634,498,354,24,0,2,1,5,0.111769128
1395,697,506,592,26,0,2,1,5,0.208787744
1396,484,412,359,16,0,2,1,2,0.071587472
1397,452,325,280,4,1,1,1,1,0.041132
1398,598,536,462,25,0,3,1,2,0.148083936
1399,638,673,594,20,0,2,1,1,0.255048156
1400,356,449,370,5,0,3,1,3,0.05914228
1401,733,502,471,22,0,1,1,3,0.173311986
1402,331,360,376,4,0,3,1,1,0.04480416
1403,636,613,606,28,1,1,0,3,0.236260008
1404,321,326,259,4,1,1,1,4,0.027103314
1405,716,410,328,8,0,1,1,4,0.09628768
1406,309,441,373,4,0,3,1,4,0.050828337
1407,370,329,362,4,0,2,1,3,0.04406626
1408,629,521,418,9,0,2,1,5,0.136982362
1409,323,505,253,4,1,1,1,1,0.041268095
1410,674,346,322,10,0,3,1,2,0.075091688
1411,666,603,545,24,0,1,1,5,0.21887091
1412,703,480,438,37,0,2,1,3,0.14779872
1413,882,549,634,24,1,1,1,5,0.306994212
1414,477,388,480,17,0,3,1,2,0.08883648
1415,716,359,328,20,0,2,1,2,0.084310432
1416,570,478,362,22,0,3,0,1,0.09863052
1417,617,538,442,15,0,1,1,5,0.146720132
1418,853,409,495,15,0,1,1,4,0.172694115
1419,326,469,328,4,0,1,0,3,0.050149232
1420,710,414,474,16,0,2,1,1,0.13932756
1421,733,399,493,34,0,3,0,5,0.144186231
1422,817,693,590,32,0,2,1,2,0.33404679
1423,457,371,454,18,0,3,1,2,0.076974338
1424,451,386,396,4,0,2,1,3,0.068938056
1425,306,331,328,4,0,2,1,4,0.033221808
1426,608,625,304,11,1,1,1,5,0.11552
1427,659,314,398,22,0,3,0,5,0.082356548
1428,632,625,392,12,0,2,0,2,0.15484
1429,539,337,473,19,0,2,1,1,0.085917139
1430,709,520,362,29,0,2,1,2,0.13346216
1431,582,549,315,14,0,3,1,1,0.10064817
1432,420,389,277,4,0,3,1,2,0.04525626
1433,892,590,648,31,0,2,1,3,0.34102944
1434,484,385,354,6,0,2,1,2,0.06596436
1435,622,548,376,17,0,1,1,5,0.128161856
1436,560,500,398,9,0,2,1,1,0.11144
1437,376,397,445,6,1,1,1,2,0.06642604
1438,557,447,411,7,0,3,1,5,0.102330369
1439,691,468,384,26,0,3,1,5,0.124180992
1440,724,568,424,21,1,0,1,1,0.174362368
1441,423,413,437,7,0,1,1,5,0.076343463
1442,635,467,373,24,0,3,1,2,0.110611285
1443,364,536,387,4,0,3,1,2,0.075505248
1444,433,503,323,4,1,1,1,5,0.070349077
1445,744,426,411,34,0,2,0,4,0.130263984
1446,535,330,357,11,0,3,1,2,0.06302835
1447,670,306,426,14,0,2,1,5,0.08733852
1448,816,581,365,15,0,2,1,3,0.17304504
1449,355,484,261,4,0,2,0,4,0.04484502
1450,523,374,443,5,1,1,1,5,0.086651686
1451,342,338,251,4,0,3,1,3,0.029014596
1452,690,660,601,22,0,1,1,3,0.2736954
1453,738,432,479,32,0,3,1,4,0.152712864
1454,691,473,321,13,0,1,1,3,0.104916603
1455,460,325,338,4,1,1,1,4,0.050531
1456,536,373,490,26,0,2,0,3,0.09796472
1457,499,352,391,17,0,2,1,1,0.068678368
1458,575,504,299,4,0,1,1,3,0.0866502
1459,518,487,363,6,0,2,0,1,0.091572558
1460,821,652,434,15,0,2,1,1,0.232316728
1461,640,513,338,9,0,2,1,5,0.11097216
1462,337,480,426,4,0,2,1,5,0.06890976
1463,697,685,638,32,0,1,1,5,0.30460991
1464,712,500,435,15,0,1,1,3,0.15486
1465,551,462,474,18,0,2,1,1,0.120662388
1466,885,506,391,11,0,2,1,2,0.17509371
1467,478,423,385,6,1,1,1,2,0.07784469
1468,848,650,622,31,0,2,1,2,0.3428464
1469,597,407,498,24,0,2,1,1,0.121003542
1470,687,544,331,28,0,3,1,2,0.123703968
1471,850,610,420,13,0,1,0,4,0.21777
1472,737,497,332,21,0,3,1,4,0.121607948
1473,804,533,327,11,0,2,1,1,0.140129964
1474,829,609,413,22,0,1,1,1,0.208507593
1475,468,333,404,4,0,1,1,1,0.062960976
1476,470,533,340,7,0,3,1,2,0.0851734
1477,874,501,380,21,0,1,1,2,0.16639212
1478,769,611,410,20,0,1,1,1,0.19264219
1479,352,428,351,4,1,1,1,1,0.052880256
1480,576,308,319,13,0,3,1,2,0.056593152
1481,438,520,271,4,0,3,1,4,0.06172296
1482,457,490,462,22,0,2,1,5,0.10345566
1483,699,559,465,17,0,2,1,2,0.181694565
1484,585,548,417,29,0,3,1,1,0.13368186
1485,658,443,321,19,0,2,1,4,0.093569574
1486,501,543,345,8,0,2,1,1,0.093854835
1487,718,628,489,21,0,2,1,1,0.220492056
1488,737,343,303,19,0,3,1,1,0.076595673
1489,656,457,464,28,0,2,1,4,0.139103488
1490,810,559,472,27,0,2,0,3,0.21371688
1491,407,493,393,6,0,2,0,2,0.078855843
1492,836,647,563,31,0,1,0,4,0.304522196
1493,339,396,282,4,1,1,1,2,0.037856808
1494,674,522,498,27,0,3,1,5,0.175210344
1495,671,680,514,21,0,2,0,3,0.23452792
1496,465,457,345,5,1,1,1,2,0.073314225
1497,490,432,404,4,0,2,0,2,0.08551872
1498,718,483,462,33,0,3,1,2,0.160218828
1499,634,402,459,13,0,1,1,3,0.116984412
1500,481,459,369,18,0,2,1,5,0.081467451
1501,626,460,253,19,0,3,1,4,0.07285388
1502,456,394,409,6,0,3,1,2,0.073482576
1503,528,326,437,12,0,2,1,1,0.075219936
1504,717,450,415,33,0,3,1,5,0.13389975
1505,441,547,438,9,0,2,1,1,0.105657426
1506,560,323,487,22,0,2,1,4,0.08808856
1507,615,319,479,25,0,2,1,4,0.093972615
1508,841,567,454,21,0,2,1,4,0.216488538
1509,542,390,329,6,0,1,0,2,0.06954402
1510,592,482,286,21,0,3,1,3,0.081608384
1511,361,442,361,4,1,1,0,4,0.057601882
1512,477,486,358,4,0,1,1,2,0.082992276
1513,305,350,363,4,1,1,1,3,0.03875025
1514,638,534,314,22,0,2,1,1,0.106977288
1515,440,464,372,4,0,3,1,1,0.07594752
1516,315,520,433,6,0,3,1,2,0.0709254
1517,879,453,319,11,0,1,1,2,0.127021653
1518,492,407,463,23,0,2,1,1,0.092712972
1519,649,678,442,26,0,1,1,3,0.194489724
1520,386,531,400,6,0,1,0,4,0.0819864
1521,631,433,398,13,0,2,1,4,0.108742754
1522,591,455,300,19,0,3,1,1,0.0806715
1523,740,687,479,16,0,1,1,4,0.24351402
1524,509,535,273,12,0,2,1,5,0.074341995
1525,310,496,293,4,1,1,1,1,0.04505168
1526,426,378,424,5,0,1,1,2,0.068275872
1527,627,594,446,12,0,2,1,2,0.166107348
1528,702,490,451,12,0,1,1,5,0.15513498
1529,778,667,530,32,0,1,1,5,0.27503078
1530,679,675,591,20,0,2,1,3,0.270870075
1531,625,479,497,31,0,3,1,2,0.148789375
1532,711,639,433,12,0,1,1,4,0.196724457
1533,465,395,394,4,0,1,1,1,0.07236795
1534,483,522,252,4,0,2,1,1,0.063535752
1535,633,378,291,14,0,2,1,4,0.069628734
1536,533,451,397,7,0,2,1,3,0.095432051
1537,491,453,336,5,0,1,0,2,0.074734128
1538,355,407,359,4,0,2,1,2,0.051870115
1539,385,536,326,6,0,3,1,5,0.06727336
1540,516,469,335,20,0,2,0,3,0.08107134
1541,627,417,351,14,0,2,1,2,0.091772109
1542,604,378,270,10,0,2,1,2,0.06164424
1543,734,516,448,32,0,3,1,1,0.169677312
1544,881,601,408,28,0,2,1,1,0.216028248
1545,665,562,368,12,0,2,1,4,0.13753264
1546,501,436,268,4,0,3,1,5,0.058540848
1547,570,394,342,14,0,2,1,4,0.07680636
1548,567,335,377,11,0,2,1,1,0.071609265
1549,796,492,517,14,0,2,1,4,0.202473744
1550,533,401,424,19,0,2,1,1,0.090622792
1551,651,607,306,8,0,2,1,1,0.120918042
1552,805,616,327,13,0,1,1,4,0.16215276
1553,490,499,371,7,0,2,1,2,0.09071321
1554,872,596,645,22,0,2,1,5,0.33521424
1555,532,411,262,4,1,1,0,4,0.057286824
1556,625,589,429,14,0,1,1,2,0.157925625
1557,782,613,308,14,0,1,1,3,0.147644728
1558,318,436,439,4,1,1,1,2,0.060866472
1559,374,462,376,4,0,2,1,2,0.064968288
1560,568,445,367,4,0,1,1,1,0.09276292
1561,862,440,472,24,0,2,1,2,0.17902016
1562,431,484,417,7,1,1,0,1,0.086987868
1563,742,366,327,20,0,2,1,1,0.088804044
1564,893,642,410,28,0,1,1,1,0.23505546
1565,504,532,296,6,0,2,1,4,0.079365888
1566,366,370,318,4,0,3,1,2,0.04306356
1567,459,481,333,12,0,3,1,5,0.073519407
1568,815,568,577,24,1,0,1,3,0.26710484
1569,827,477,536,27,0,1,1,3,0.211440744
1570,616,692,340,16,0,2,1,5,0.14493248
1571,755,549,461,18,0,1,1,2,0.191082195
1572,480,444,360,4,0,2,1,4,0.0767232
1573,642,535,387,21,0,2,1,2,0.13292289
1574,506,446,324,12,0,2,1,4,0.073119024
1575,509,390,442,4,0,2,1,3,0.08774142
1576,354,470,425,6,0,2,1,5,0.0707115
1577,715,606,553,28,0,2,1,2,0.23960937
1578,747,401,572,21,0,1,1,1,0.171340884
1579,897,614,514,26,0,1,1,5,0.283089612
1580,341,453,396,5,0,2,1,2,0.061171308
1581,541,475,273,6,1,1,1,4,0.070154175
1582,561,521,299,7,1,1,1,2,0.087392019
1583,691,539,432,43,0,3,1,1,0.160897968
1584,555,447,368,18,0,3,0,2,0.09129528
1585,856,456,609,30,1,0,1,1,0.237714624
1586,466,474,423,18,0,3,0,1,0.093433932
1587,733,675,361,20,0,1,1,1,0.178613775
1588,803,420,486,15,1,1,1,1,0.16390836
1589,524,516,317,21,0,2,1,3,0.085711728
1590,773,472,424,19,0,1,1,1,0.154698944
1591,851,525,433,16,0,2,1,3,0.193453575
1592,440,452,259,4,1,1,1,2,0.05150992
1593,888,585,449,19,0,2,1,4,0.23324652
1594,450,339,440,5,1,1,1,4,0.067122
1595,716,414,408,12,0,1,1,5,0.120940992
1596,564,403,372,6,1,1,1,2,0.084552624
1597,556,380,383,5,0,2,1,5,0.08092024
1598,689,647,494,13,1,1,1,2,0.220216802
1599,526,371,405,19,0,2,1,3,0.07903413
1600,835,691,626,32,0,1,1,3,0.36119261
1601,1067,1004,1341,292,0,2,0,3,1.436570388
1602,2133,1292,1247,950,0,1,0,1,3.436527492
1603,1114,1028,1280,447,0,1,1,2,1.46584576
1604,1501,916,1167,357,0,2,0,1,1.604526972
1605,1389,1175,765,496,0,1,0,1,1.248537375
1606,1425,916,949,397,0,2,0,5,1.2387297
1607,1104,963,1349,283,0,2,1,1,1.434192048
1608,1974,901,802,442,0,1,0,3,1.426416348
1609,2165,804,1295,638,0,1,0,4,2.2541547
1610,1398,1101,1350,680,0,1,0,1,2.0779173
1611,1515,1186,1116,650,0,1,0,2,2.00521764
1612,1673,1059,1194,641,0,1,0,3,2.115418158
1613,1541,1244,1244,571,0,2,0,5,2.384752976
1614,1632,1120,1150,434,0,1,0,3,2.102016
1615,2043,1040,1207,562,0,1,0,3,2.56453704
1616,1193,1273,1153,459,0,1,1,1,1.751048417
1617,1474,909,1014,408,0,2,0,4,1.358624124
1618,1210,1150,1007,564,0,1,0,2,1.4012405
1619,1663,880,896,477,0,1,0,5,1.31124224
1620,1321,966,1228,651,0,1,0,4,1.567033608
1621,1551,917,969,404,0,2,0,3,1.378176723
1622,1683,1172,1062,793,0,1,1,3,2.094769512
1623,1871,1088,1102,814,0,1,1,4,2.243284096
1624,1113,1295,1118,426,0,1,0,3,1.61141253
1625,1039,1219,907,264,0,2,1,3,1.148752687
1626,1048,964,1137,424,0,2,0,2,1.148679264
1627,1440,1116,1215,557,0,2,1,2,1.9525536
1628,1328,966,1191,620,0,1,0,1,1.527871968
1629,1798,1152,1198,595,0,2,1,1,2.481412608
1630,1701,941,1250,537,0,2,1,2,2.00080125
1631,1151,966,1123,471,0,1,0,5,1.248625518
1632,1409,1087,790,345,0,2,0,3,1.20995057
1633,2140,1071,998,790,0,1,1,1,2.28735612
1634,1642,1290,1069,899,0,1,0,2,2.26433442
1635,1377,964,1179,367,0,2,1,3,1.565037612
1636,1522,1109,723,260,0,2,0,4,1.220350254
1637,1098,1225,1241,324,0,2,1,4,1.66920705
1638,1065,1291,1216,651,0,1,1,5,1.67189664
1639,2007,944,1288,634,0,1,1,1,2.440255104
1640,2157,847,1271,852,0,1,0,5,2.322090309
1641,1179,1093,1179,495,0,1,0,4,1.519314813
1642,1567,1038,1162,743,0,1,0,2,1.890046452
1643,1676,837,886,416,0,2,0,4,1.242891432
1644,1043,1005,1288,338,0,2,1,2,1.35010092
1645,1660,1018,854,349,0,1,0,3,1.44315752
1646,2090,1034,1369,950,0,1,0,5,2.95849114
1647,1726,1257,1290,606,0,1,0,2,2.79876078
1648,1631,892,803,217,0,1,0,5,1.168246156
1649,1713,1288,770,439,0,2,0,2,1.69888488
1650,1413,955,867,329,0,2,1,2,1.169942805
1651,1727,813,840,460,0,2,1,4,1.17940284
1652,1052,1027,913,267,0,2,0,2,0.986408852
1653,1421,1194,1089,594,0,1,1,2,1.847677986
1654,2037,1267,1292,950,0,1,1,2,3.334495668
1655,1246,1281,1200,685,0,1,0,3,1.9153512
1656,1850,897,915,632,0,1,0,3,1.51839675
1657,1978,930,1220,464,0,2,1,4,2.2442388
1658,1860,1004,802,397,0,2,0,4,1.49768688
1659,1615,917,786,391,0,2,0,1,1.16403063
1660,1562,1173,1362,950,0,1,1,2,2.495491812
1661,1363,1089,709,221,0,1,1,4,1.052373663
1662,1079,831,1310,437,0,2,0,4,1.17461019
1663,1322,1014,876,260,0,1,0,2,1.174285008
1664,1747,1250,812,653,0,1,1,2,1.773205
1665,1626,1006,1340,590,0,2,0,1,2.19191304
1666,1052,969,729,292,0,1,0,2,0.743133852
1667,1834,823,1252,511,0,1,1,1,1.889746264
1668,1714,1259,928,404,0,1,1,4,2.002555328
1669,1951,1012,1249,704,0,1,0,1,2.466040588
1670,1637,1043,1180,797,0,1,1,3,2.01472138
1671,2105,987,1328,939,0,1,1,4,2.75909928
1672,2169,900,828,376,0,1,0,2,1.6163388
1673,1461,1137,784,466,0,2,1,5,1.302347088
1674,1215,927,931,251,0,2,1,4,1.048589955
1675,2209,1066,1229,921,0,1,0,2,2.894041826
1676,1671,1016,1083,622,0,1,0,1,1.838648088
1677,1788,1123,749,557,0,1,1,1,1.503935076
1678,1487,882,1106,373,0,2,0,3,1.450556604
1679,1384,1121,1291,555,0,1,0,3,2.002940024
1680,2117,1025,820,638,0,1,0,5,1.7793385
1681,1690,972,890,352,0,2,0,4,1.4619852
1682,1197,1142,1050,521,0,2,1,3,1.4353227
1683,1873,1128,726,631,0,1,1,2,1.533852144
1684,1936,1224,813,402,0,2,1,3,1.926536832
1685,1628,1031,1146,601,0,1,0,5,1.923524328
1686,1373,1003,1223,381,0,1,0,2,1.684216537
1687,1724,1069,1315,889,0,1,0,5,2.42348714
1688,2075,824,1245,568,0,1,0,5,2.128701
1689,1341,991,862,233,0,1,0,5,1.145538522
1690,1463,1231,855,477,0,2,0,3,1.539814815
1691,1100,1291,1110,395,0,2,0,4,1.576311
1692,1659,869,1007,261,0,2,0,3,1.451762697
1693,1427,1272,1327,776,0,1,1,4,2.408696088
1694,1287,873,1192,505,0,1,0,2,1.339272792
1695,1858,1000,1305,548,0,2,1,3,2.42469
1696,1287,1257,1111,376,0,1,1,2,1.797330249
1697,1564,1189,1035,351,0,1,0,5,1.92468186
1698,1210,1195,1343,628,0,1,1,4,1.94191085
1699,1611,1220,827,503,0,2,1,3,1.62540234
1700,1557,1286,741,402,0,2,1,4,1.483705782
1701,1872,1099,872,700,0,1,0,4,1.793990016
1702,1596,915,1235,369,0,2,1,4,1.8035199
1703,1885,1015,758,483,0,2,0,3,1.45026245
1704,1515,1127,1220,539,0,2,0,1,2.0830341
1705,1026,851,1197,249,0,2,1,4,1.045131822
1706,1544,853,1199,496,0,2,0,4,1.579121368
1707,1086,1108,810,313,0,1,0,1,0.97466328
1708,1488,984,1294,646,0,1,0,4,1.894664448
1709,1806,1167,740,410,0,2,0,5,1.55962548
1710,2070,819,1108,704,0,1,0,4,1.87842564
1711,1052,910,1280,273,0,2,1,4,1.2253696
1712,1058,1173,1167,555,0,2,0,3,1.448286678
1713,1721,1298,954,525,0,1,1,3,2.131100532
1714,1328,907,1271,558,0,2,0,3,1.530914416
1715,1352,1232,1211,777,0,1,1,5,2.017119104
1716,2102,1178,933,591,0,2,1,1,2.310253548
1717,1831,960,1336,702,0,1,1,4,2.34836736
1718,1414,935,1197,418,0,2,0,2,1.58254173
1719,1345,965,716,192,0,2,0,5,0.9293143
1720,1606,1187,1273,750,0,1,0,1,2.426747906
1721,1406,847,792,330,0,2,0,2,0.943178544
1722,1696,1072,1062,531,0,2,1,3,1.930834944
1723,2256,1091,784,497,0,1,0,1,1.929656064
1724,1503,1080,858,473,0,2,1,2,1.39273992
1725,1448,925,931,356,0,1,1,3,1.2469814
1726,1499,1293,721,539,0,2,0,4,1.397447247
1727,2139,1082,1281,670,0,1,1,5,2.964743838
1728,2189,1004,1342,938,0,1,0,4,2.949388552
1729,1535,1161,1072,712,0,1,1,3,1.91044872
1730,1746,1260,940,531,0,2,1,2,2.0679624
1731,1658,1240,952,726,0,1,0,1,1.95723584
1732,2039,1162,1187,867,0,1,1,5,2.812380466
1733,1466,1168,1056,636,0,1,0,5,1.808176128
1734,1458,1038,975,468,0,1,0,4,1.4755689
1735,2018,1102,1146,498,0,1,1,4,2.548516056
1736,2144,1132,758,726,0,1,0,2,1.839672064
1737,1130,1149,1062,269,0,2,0,1,1.37886894
1738,2224,1051,1141,930,0,1,0,4,2.667000784
1739,1440,1138,1162,484,0,2,1,5,1.90419264
1740,2040,1284,1116,627,0,1,0,5,2.92320576
1741,1644,1241,706,594,0,1,0,3,1.440384024
1742,2203,861,772,479,0,2,0,2,1.464316476
1743,1509,1107,883,561,0,1,0,4,1.475018829
1744,1244,969,791,193,0,2,0,4,0.953499876
1745,1834,995,1185,461,0,2,1,3,2.16242355
1746,1727,890,1140,685,0,1,0,2,1.7522142
1747,1533,1005,905,326,0,1,1,1,1.394301825
1748,2072,931,720,543,0,1,0,1,1.38890304
1749,1764,848,872,235,0,1,1,4,1.304400384
1750,1627,814,1281,534,0,1,0,2,1.696528218
1751,2271,1055,886,654,0,1,0,1,2.12277183
1752,1316,1107,1083,501,0,2,0,2,1.577727396
1753,2039,876,1155,386,0,1,0,1,2.06301942
1754,1638,1278,998,430,0,1,0,2,2.089177272
1755,1204,1054,897,369,0,2,0,5,1.138307352
1756,1796,1201,1158,950,0,1,0,1,2.497801368
1757,1692,926,1074,359,0,2,1,4,1.682734608
1758,1085,983,760,324,0,2,0,5,0.8105818
1759,1202,1234,1232,368,0,2,0,5,1.827386176
1760,2177,1159,1244,950,0,1,0,2,3.138789892
1761,1578,964,838,366,0,1,1,4,1.274758896
1762,1827,1022,1086,405,0,1,0,3,2.027772684
1763,2149,1047,1324,814,0,1,0,3,2.979003972
1764,1112,1070,742,198,0,1,1,5,0.88286128
1765,2169,1077,877,683,0,1,0,5,2.048683401
1766,1057,824,1010,239,0,2,0,1,0.87967768
1767,1888,1178,1220,829,0,1,1,3,2.71335808
1768,1091,1266,919,258,0,1,0,3,1.269328314
1769,1149,1165,908,363,0,1,1,4,1.21543518
1770,1421,1260,819,589,0,1,0,3,1.46638674
1771,1362,999,933,341,0,2,1,2,1.269475254
1772,2226,926,1336,937,0,1,0,4,2.753864736
1773,2168,1163,1341,859,0,1,0,3,3.381175944
1774,1838,1153,710,421,0,2,0,2,1.50464194
1775,1999,929,1314,445,0,2,1,4,2.440191294
1776,1263,1139,928,262,0,1,1,4,1.334980896
1777,1136,893,1249,327,0,2,0,4,1.267045552
1778,1583,1074,993,419,0,2,1,1,1.688241006
1779,1808,1221,906,816,0,1,0,4,2.000056608
1780,1411,865,1230,628,0,1,0,1,1.50123345
1781,1228,917,738,315,0,1,1,1,0.831044088
1782,1495,1023,1330,547,0,1,0,1,2.03408205
1783,2031,1192,893,787,0,1,0,1,2.161910136
1784,2164,807,856,391,0,2,0,3,1.494873888
1785,1946,902,1359,461,0,2,1,3,2.385441828
1786,2035,832,930,352,0,1,1,4,1.5746016
1787,1051,1246,1151,296,0,1,0,3,1.507287446
1788,2140,882,846,497,0,2,1,1,1.59680808
1789,1839,1065,1247,449,0,1,0,3,2.442293145
1790,1758,819,846,482,0,1,1,1,1.218072492
1791,2152,829,1096,712,0,1,1,2,1.955272768
1792,2286,818,1277,742,0,1,1,4,2.387923596
1793,2170,1130,1095,665,0,1,0,4,2.6850495
1794,1486,1149,1202,671,0,1,1,4,2.052311628
1795,1981,1270,856,622,0,1,0,2,2.15358472
1796,1295,946,1352,588,0,2,0,2,1.65629464
1797,1753,1178,721,422,0,2,1,4,1.488889514
1798,1840,1163,1254,950,0,1,0,2,2.68345968
1799,2283,980,913,829,0,1,0,4,2.04269142
1800,1943,1175,1163,760,0,1,0,3,2.655158075
1801,1691,966,1381,622,0,1,0,2,2.255871786
1802,1503,911,895,387,0,2,0,5,1.225463535
1803,1836,991,1359,627,0,1,0,4,2.472667884
1804,1222,1077,1367,519,0,2,1,2,1.799100498
1805,1691,1082,860,532,0,2,1,4,1.57350932
1806,1048,1155,911,300,0,1,1,5,1.10271084
1807,1319,1128,1111,525,0,1,1,3,1.652981352
1808,1959,925,833,547,0,2,1,5,1.509458475
1809,2086,1176,1343,950,0,1,0,1,3.294561648
1810,1175,810,708,270,0,1,1,1,0.673839
1811,1641,1276,1065,510,0,1,0,3,2.23002054
1812,1135,985,1338,595,0,2,0,2,1.49585055
1813,1593,955,803,455,0,1,0,2,1.221615945
1814,1334,1012,821,341,0,2,1,5,1.108356568
1815,2287,1040,987,811,0,1,0,1,2.34755976
1816,1300,1265,1155,386,0,1,1,4,1.8993975
1817,1968,994,1188,513,0,1,0,3,2.323956096
1818,1903,1099,1285,601,0,1,0,4,2.687445145
1819,2160,976,1047,920,0,1,0,1,2.20724352
1820,1362,869,1339,399,0,2,0,1,1.584810942
1821,1403,1292,1349,628,0,1,0,1,2.445299924
1822,1726,1108,1206,423,0,2,0,3,2.306364048
1823,1517,898,1225,412,0,1,0,2,1.66877585
1824,1106,1132,944,411,0,2,0,4,1.181880448
1825,1691,820,979,488,0,2,0,3,1.35750098
1826,2129,816,833,563,0,1,0,1,1.447140912
1827,1619,994,904,577,0,2,0,3,1.454794544
1828,1768,971,1075,687,0,1,0,4,1.8454826
1829,1833,1162,1050,473,0,2,0,5,2.2364433
1830,1395,1050,988,353,0,2,0,1,1.447173
1831,1652,1241,1221,950,0,1,1,2,2.503211172
1832,1219,924,776,194,0,1,1,2,0.874052256
1833,1178,1242,777,207,0,1,0,3,1.136810052
1834,2264,836,859,520,0,2,0,3,1.625832736
1835,1216,1113,824,215,0,1,1,1,1.115208192
1836,1380,846,793,180,0,1,1,1,0.92581164
1837,1792,964,1340,710,0,1,0,2,2.31483392
1838,2014,1109,890,581,0,1,0,5,1.98783814
1839,1012,840,880,309,0,2,1,5,0.7480704
1840,2178,1298,893,878,0,1,0,1,2.524550292
1841,1385,895,1029,461,0,1,1,5,1.275522675
1842,1607,1107,1122,601,0,1,1,4,1.995980778
1843,1513,1222,1053,694,0,1,0,3,1.946876958
1844,1576,1186,865,316,0,1,0,1,1.61680264
1845,2269,1186,1140,611,0,1,0,4,3.06777876
1846,1024,1300,1390,372,0,2,0,5,1.850368
1847,1134,1091,968,424,0,2,0,4,1.197603792
1848,1758,1055,1007,678,0,1,1,2,1.86767283
1849,1467,1100,874,268,0,2,0,4,1.4103738
1850,1664,1272,1112,685,0,1,0,4,2.353668096
1851,1312,872,1094,351,0,1,0,3,1.251606016
1852,1781,1245,1347,644,0,1,0,4,2.986763715
1853,1353,877,1307,631,0,1,1,1,1.550861367
1854,1801,1041,853,391,0,1,1,4,1.599239373
1855,1324,955,1262,393,0,1,0,4,1.59569804
1856,1886,1022,863,493,0,1,0,1,1.663425596
1857,1137,1287,1031,527,0,2,1,5,1.508681889
1858,2012,1211,921,628,0,1,1,3,2.244045972
1859,2293,881,1046,700,0,1,0,4,2.113059118
1860,2252,862,1313,537,0,2,1,3,2.548827112
1861,1262,989,1278,658,0,1,1,4,1.595094804
1862,1757,1013,952,390,0,2,0,3,1.694408632
1863,2298,1268,1187,950,0,1,0,5,3.458756568
1864,1678,1157,899,691,0,1,0,5,1.745359954
1865,1468,1162,1307,727,0,1,0,2,2.229501512
1866,2000,1088,1181,950,0,1,1,1,2.569856
1867,1786,1184,851,593,0,1,0,4,1.799545024
1868,2234,1261,972,536,0,2,0,3,2.738195928
1869,1293,986,760,284,0,1,0,3,0.96892248
1870,1729,1222,1335,834,0,1,1,3,2.82063873
1871,1655,1048,1021,575,0,1,0,2,1.77086324
1872,2223,1109,823,509,0,1,0,2,2.028947661
1873,2072,1209,1216,754,0,1,0,4,3.046138368
1874,1022,952,967,215,0,2,1,4,0.940836848
1875,1161,988,1176,493,0,1,0,4,1.348951968
1876,2137,880,1308,704,0,1,1,3,2.45977248
1877,1933,941,902,573,0,2,1,5,1.640695606
1878,1263,965,717,183,0,2,0,3,0.873876015
1879,1290,961,1084,419,0,2,0,4,1.34382396
1880,1364,967,1327,666,0,1,1,3,1.750297076
1881,1663,1089,1282,439,0,1,0,2,2.321710974
1882,2017,832,769,275,0,1,0,2,1.290492736
1883,1188,1186,1068,622,0,1,1,4,1.504777824
1884,1703,1184,771,463,0,1,0,4,1.554607392
1885,1317,1080,791,422,0,2,1,3,1.12508676
1886,1465,922,757,342,0,1,1,2,1.02250261
1887,1980,821,743,280,0,1,0,2,1.20780594
1888,2025,963,1030,548,0,2,1,3,2.00857725
1889,2008,812,1385,793,0,1,0,1,2.25823696
1890,1082,902,1303,239,0,1,0,1,1.271681092
1891,1715,1159,782,496,0,2,0,2,1.55436967
1892,1813,908,855,434,0,2,1,3,1.40750442
1893,2046,998,863,670,0,1,0,3,1.762166604
1894,1685,900,1034,620,0,1,0,3,1.568061
1895,1924,814,1156,588,0,2,1,1,1.810453216
1896,1085,998,809,313,0,1,1,5,0.87600947
1897,1611,1226,1390,635,0,1,0,3,2.74536954
1898,1739,1037,755,456,0,1,0,3,1.361523965
1899,1444,1061,724,282,0,1,0,3,1.109228816
1900,1422,1055,1097,580,0,2,0,5,1.64573037
1901,1338,1271,1203,604,0,1,0,2,2.045819394
1902,1159,1115,809,410,0,1,0,1,1.045458565
1903,1561,1276,700,352,0,2,0,2,1.3942852
1904,1199,827,1076,247,0,1,0,3,1.066932548
1905,1155,943,1127,413,0,2,0,1,1.227488955
1906,1618,872,969,396,0,1,1,1,1.367158224
1907,1975,889,714,259,0,1,0,5,1.25362335
1908,2141,939,976,363,0,2,1,2,1.962149424
1909,1441,833,1107,455,0,1,1,4,1.328790771
1910,1953,1011,879,717,0,1,0,1,1.735570557
1911,1129,1291,987,504,0,2,1,3,1.438590993
1912,1049,1143,978,482,0,1,1,4,1.172628846
1913,1003,1132,745,329,0,2,0,4,0.84587002
1914,1474,1166,748,319,0,1,0,4,1.285575632
1915,1967,1078,867,495,0,2,0,5,1.838409342
1916,1298,964,1354,445,0,1,0,3,1.694222288
1917,1957,977,999,411,0,2,0,4,1.910077011
1918,1737,1292,1142,514,0,2,0,3,2.562880968
1919,1734,1130,1177,664,0,1,0,2,2.30623734
1920,1087,975,1218,516,0,1,0,5,1.29086685
